發生時間,發生地點,死亡受傷人數,車種,經度,緯度
107年01月01日 05時12分00秒,彰化縣大村鄉貢旗村田洋巷7號前0.0公尺東側,死亡1;受傷0,自用-小客車;腳踏自行車-慢車,120.578892,23.962235
107年01月01日 14時55分00秒,桃園市蘆竹區大竹北路418號前0.0公尺北側,死亡1;受傷0,普通輕型-機車,121.244920,25.036777
107年01月01日 17時10分13秒,苗栗縣竹南鎮中美里澎湖厝83號前,死亡1;受傷3,自用-小客車;乘客-人;乘客-人;乘客-人,120.861178,24.682004
107年01月01日 17時30分20秒,南投縣集集鎮投54 6公里西向中內,死亡1;受傷0,普通重型-機車;民營公車-大客車,120.771165,23.827210
107年01月01日 19時30分00秒,彰化縣和美鎮大霞里彰和路3段509號前0.0公尺前,死亡1;受傷0,自用-小客車;行人-人;自用-小客車,120.502953,24.102967
107年01月02日 09時51分00秒,雲林縣虎尾鎮平和橋與防汛道路口,死亡1;受傷0,普通重型-機車;自用-小客車,120.458930,23.700923
107年01月02日 10時00分00秒,桃園市中壢區中豐路北側 / 桃園市中壢區永嘉街,死亡1;受傷1,自用-小客車;普通重型-機車;乘客-人,121.219521,24.959527
107年01月02日 13時34分00秒,新北市樹林區中正路 / 新北市樹林區三俊街,死亡1;受傷0,自用-大貨車;普通重型-機車,121.371249,24.923638
107年01月02日 15時30分59秒,花蓮縣豐濱鄉台11線 67公里40.0公尺處北,死亡1;受傷0,其他車-其他車,121.524078,23.579573
107年01月02日 16時10分00秒,雲林縣元長鄉台19線元進莊路口,死亡1;受傷0,普通重型-機車;民營客運-大客車,120.310998,23.629405
107年01月02日 16時10分00秒,屏東縣新園鄉中慶巷,死亡1;受傷1,自用-全聯結車;普通重型-機車;乘客-人,120.455174,22.539275
107年01月02日 16時29分00秒,臺中市東區旱溪里旱溪街前0.0公尺,死亡1;受傷1,普通重型-機車;普通重型-機車,24.140329,120.696681
107年01月02日 19時55分00秒,基隆市七堵區工建路184號前0.0公尺,死亡1;受傷1,自用-小客車;普通重型-機車;自用-小貨車(含客、貨兩用);自用-小客車,121.700766,25.091640
107年01月03日 14時47分00秒,臺北市中山區民權東路2段 / 臺北市中山區松江路,死亡1;受傷0,民營公車-大客車;行人-人,121.497846,25.078875
107年01月03日 16時01分00秒,新北市新店區北宜路前0.0公尺,死亡1;受傷0,普通重型-機車;自用-小客車,121.542779,24.953206
107年01月04日 06時40分00秒,苗栗縣苗栗市嘉盛里經國路三段與育英街53巷路口,死亡1;受傷0,腳踏自行車-慢車;自用-小客車,120.840394,24.567602
107年01月04日 08時58分00秒,高雄市左營區新庄仔路46號前0.0公尺,死亡1;受傷0,普通重型-機車,120.295769,22.678293
107年01月04日 12時36分00秒,彰化縣芳苑鄉頂廍村斗苑路頂廍段前0.0公尺,死亡1;受傷0,自用-小貨車(含客、貨兩用);普通重型-機車,120.337380,23.912923
107年01月04日 15時42分00秒,臺南市永康區正強街西側 / 臺南市永康區正強街,死亡1;受傷1,腳踏自行車-慢車;普通重型-機車,120.252004,23.026821
107年01月04日 19時42分47秒,臺南市仁德區上崙里義林南路東側 / 臺南市仁德區上崙里民安路,死亡1;受傷0,普通重型-機車;自用-小貨車(含客、貨兩用),120.263000,22.946904
107年01月05日 19時20分00秒,屏東縣長治鄉台24線7號路燈前,死亡1;受傷0,自用-小客車;腳踏自行車-慢車,120.568049,22.701458
107年01月05日 22時10分19秒,宜蘭縣礁溪鄉礁溪路2段柴圍橋,死亡1;受傷0,行人-人;自用-小客車,121.756774,24.809262
107年01月06日 18時14分50秒,苗栗縣竹南鎮崎頂里西濱公路88.4公里往南快車道,死亡1;受傷0,普通重型-機車;自用-小客車,120.876008,24.705239
107年01月07日 01時05分00秒,高雄市大寮區鳳林三路637號前0.0公尺,死亡1;受傷0,普通重型-機車,120.394705,22.608741
107年01月07日 14時25分38秒,屏東縣內埔鄉昌南路(老埤幹TS036號電桿),死亡1;受傷1,普通重型-機車;乘客-人,120.595803,22.627260
107年01月07日 16時34分00秒,臺南市安平區永華路2段北側 / 臺南市安平區健康二街,死亡1;受傷1,普通輕型-機車;自用-小客車;乘客-人,120.173793,22.990804
107年01月07日 19時25分00秒,澎湖縣湖西鄉縣202線 9公里550.0公尺處東向外側,死亡1;受傷0,自用-小客車,119.678307,23.577877
107年01月08日 01時36分00秒,屏東縣恆春鎮恆南路前0.0公尺,死亡1;受傷0,普通重型-機車,120.749445,21.986095
107年01月08日 07時09分51秒,花蓮縣壽豐鄉水璉村海岸公路前0.0公尺北側,死亡1;受傷0,自用-小客車,121.549261,23.775080
107年01月08日 07時47分31秒,嘉義縣民雄鄉平和村嘉76線4.1K,死亡1;受傷0,普通重型-機車;自用-小客車,120.398532,23.540830
107年01月08日 11時00分22秒,高雄市仁武區國道10號 3公里900.0公尺處西向外側,死亡1;受傷1,營業用-半聯結車;自用-小貨車(含客、貨兩用);自用-小客車;營業用-半聯結車;自用-小客車;營業用-小貨車(含客、貨兩用),120.358323,22.695224
107年01月08日 18時35分00秒,臺南市安平區永華九街西側 / 臺南市安平區建平七街,死亡1;受傷0,普通輕型-機車;自用-小客車,120.170116,22.989928
107年01月08日 22時39分00秒,雲林縣斗六市石榴路與河南街口,死亡1;受傷0,自用-小客車,120.573181,23.718676
107年01月09日 00時34分00秒,彰化縣和美鎮好修里和港路784號前0.0公尺,死亡2;受傷2,自用-小客車;電動自行車-慢車;電動輔助自行車-慢車;電動輔助自行車-慢車,120.489117,24.137005
107年01月09日 04時12分45秒,臺南市安定區國道1號 310公里北向中線,死亡1;受傷4,營業用-半聯結車;自用-小貨車(含客、貨兩用);民營客運-大客車;乘客-人;乘客-人,120.239439,23.127342
107年01月09日 05時20分00秒,臺北市信義區行人穿越道,死亡1;受傷0,自用-小貨車(含客、貨兩用);行人-人,121.529499,25.049928
107年01月09日 07時37分06秒,南投縣草屯鎮平林里健行路65巷29號前0.0公尺,死亡1;受傷0,自用-小貨車(含客、貨兩用),120.764477,23.991400
107年01月09日 18時25分59秒,雲林縣北港鎮劉厝里民樂路397號前,死亡1;受傷1,自用-小貨車(含客、貨兩用);行人-人,120.290760,23.584318
107年01月09日 22時30分10秒,臺南市中西區府前路1段南側 / 臺南市中西區永福路1段,死亡1;受傷0,租賃車-小客車;普通重型-機車,120.200351,22.989942
107年01月10日 00時14分00秒,金門縣金寧鄉桃園路1308號路燈處號前0.0公尺,死亡1;受傷2,普通重型-機車;自用-小客車;乘客-人,118.338118,24.429920
107年01月10日 05時35分00秒,雲林縣虎尾鎮穎川里頂南414號,死亡1;受傷0,自用-小客車,120.415939,23.690645
107年01月10日 13時20分00秒,新北市三峽區復興路 / 新北市三峽區民生街,死亡1;受傷0,自用-小客車;行人-人,121.373493,24.936689
107年01月10日 13時28分16秒,南投縣名間鄉南雲路 電線杆 名間幹253,死亡1;受傷0,自用-小客車,120.704942,23.829712
107年01月11日 06時11分00秒,屏東縣屏東市和生路一段與歸仁路口,死亡1;受傷0,自用-大貨車;普通重型-機車,120.506045,22.659898
107年01月11日 10時10分00秒,屏東縣南州鄉台1線北向機慢車道424公里處,死亡1;受傷0,自用-小客車;普通重型-機車,120.540994,22.487496
107年01月11日 11時30分00秒,臺北市大安區信義路3段134巷前0.0公尺,死亡1;受傷0,租賃車-小客車;行人-人,121.539370,25.028725
107年01月11日 16時00分00秒,高雄市三民區同盟二路215號號前0.0公尺前,死亡1;受傷0,自用-小貨車(含客、貨兩用);腳踏自行車-慢車,120.294900,22.650480
107年01月11日 17時05分00秒,彰化縣彰化市延和里岸頭巷前0.0公尺,死亡1;受傷0,營業用-大貨車;腳踏自行車-慢車;自用-小貨車(含客、貨兩用),120.553262,24.061784
107年01月12日 08時55分00秒,高雄市鼓山區美術館路 / 高雄市鼓山區美術東四路,死亡1;受傷1,自用-小客車;自用-小客車;普通重型-機車,120.290024,22.654777
107年01月12日 09時32分00秒,新北市瑞芳區明燈路2段 / 新北市瑞芳區逢甲路2段,死亡1;受傷0,民營客運-大客車;普通重型-機車,121.811171,25.107885
107年01月12日 14時35分00秒,臺中市豐原區豐圳里圓環西路前0.0公尺,死亡1;受傷0,普通重型-機車;自用-小貨車(含客、貨兩用),120.708829,24.252040
107年01月12日 17時20分23秒,屏東縣枋山鄉枋山村枋山路6號,死亡1;受傷0,自用-小客車,120.650878,22.261171
107年01月12日 20時00分00秒,屏東縣屏東市建國路241巷口,死亡1;受傷4,自用-小客車;自用-小客車;乘客-人;乘客-人;乘客-人,120.467491,22.657403
107年01月12日 20時56分00秒,桃園市楊梅區楊明里新農街高公涵洞前,死亡1;受傷0,普通重型-機車;營業用-大貨車,121.164823,24.913247
107年01月13日 00時20分00秒,屏東縣東港鎮光復路與新學路口,死亡1;受傷0,普通重型-機車,120.470326,22.462878
107年01月13日 03時00分02秒,南投縣集集鎮台16線 5公里600.0公尺處東向路肩,死亡1;受傷0,自用-小客車,120.759294,23.823775
107年01月13日 07時50分00秒,雲林縣斗六市雲林路二段459-1號前,死亡1;受傷1,普通重型-機車;自用-小客車;乘客-人,120.527852,23.700444
107年01月13日 19時08分00秒,屏東縣屏東市和平路南側 / 屏東縣屏東市建國路,死亡1;受傷0,自用-小客車;普通重型-機車,120.478725,22.665353
107年01月14日 07時24分00秒,彰化縣永靖鄉港西村永久路 / 彰化縣永靖鄉港西村中山路1段,死亡1;受傷0,普通重型-機車;自用-小客車,120.544487,23.917212
107年01月14日 07時45分00秒,彰化縣溪湖鎮東溪里員鹿路1段前0.0公尺,死亡1;受傷0,租賃車-小客車;普通重型-機車,120.504013,23.953325
107年01月14日 10時37分00秒,桃園市平鎮區中豐路西側 / 桃園市平鎮區中豐路,死亡1;受傷1,普通重型-機車;自用-小客車;自用-小客車;自用-小客車,121.215849,24.937016
107年01月14日 14時30分11秒,臺南市仁德區保安里文賢路1段642號前0.0公尺,死亡1;受傷0,普通重型-機車,120.231081,22.929326
107年01月14日 15時58分00秒,彰化縣永靖鄉五汴村中山路3段335號前0.0公尺,死亡1;受傷0,腳踏自行車-慢車;自用-小客車,120.556262,23.935927
107年01月14日 17時15分08秒,苗栗縣造橋鄉龍昇村台一線與苗八線路口,死亡1;受傷0,大型重型2(250-550C.C.)-機車;自用-小客車,120.823943,24.630665
107年01月14日 17時35分06秒,桃園市觀音區新坡里文林路5.5公里處,死亡1;受傷0,普通重型-機車,121.131925,25.018928
107年01月14日 18時42分29秒,新竹縣湖口鄉德興北路電桿(望間幹18支6BC0417CD96)旁,死亡1;受傷0,自用-小客車;行人-人,121.042489,24.935297
107年01月15日 07時35分00秒,臺南市西港區營西里455號前,死亡1;受傷0,自用-大貨車;普通重型-機車,120.215460,23.136325
107年01月15日 08時19分00秒,彰化縣埤頭鄉和豐村斗苑東路129號前0.0公尺前,死亡1;受傷1,普通重型-機車;普通重型-機車,120.494764,23.884791
107年01月15日 08時30分53秒,屏東縣內埔鄉屏光路295號,死亡1;受傷1,普通輕型-機車;普通重型-機車;自用-大貨車,120.558808,22.612168
107年01月15日 08時42分00秒,高雄市楠梓區村大學東路 / 高雄市楠梓區大學二十六街,死亡1;受傷1,普通重型-機車;普通重型-機車,120.290152,22.729114
107年01月15日 14時03分00秒,高雄市仁武區仁雄路前0.0公尺,死亡1;受傷0,普通重型-機車;自用-大貨車;自用-小客車,120.330300,22.677650
107年01月15日 17時54分00秒,高雄市楠梓區村軍校路931號前0.0公尺,死亡1;受傷1,普通重型-機車;普通重型-機車;自用-小客車,120.292183,22.711496
107年01月15日 17時54分40秒,臺東縣鹿野鄉台9線 355公里南向機、慢車道,死亡1;受傷1,普通重型-機車;腳踏自行車-慢車;腳踏自行車-慢車,121.139801,22.944415
107年01月15日 18時00分30秒,臺南市中西區成功路西側 / 臺南市中西區海安路,死亡1;受傷1,行人-人;普通重型-機車,120.198629,23.000533
107年01月15日 19時05分00秒,彰化縣芳苑鄉三合村斗苑路三合段258號前0.0公尺,死亡1;受傷0,行人-人;自用-小客車;自用-小客車,120.352582,23.902963
107年01月16日 05時32分19秒,臺中市龍井區國道3號 183公里700.0公尺處北向外側,死亡1;受傷3,自用-大貨車;營業用-半聯結車;自用-小客車;自用-小客車;自用-小貨車(含客、貨兩用);乘客-人;乘客-人,120.552464,24.185589
107年01月16日 07時38分00秒,高雄市仁武區村鳳仁路 / 高雄市仁武區永宏巷,死亡1;受傷0,營業用-曳引車;普通重型-機車,120.338334,22.713179
107年01月16日 15時17分00秒,高雄市小港區村高鳳路 / 高雄市小港區松興路,死亡1;受傷0,普通重型-機車;普通重型-機車;自用-半聯結車,120.370972,22.572734
107年01月16日 17時29分00秒,臺中市東區東興里大智路前0.0公尺,死亡1;受傷0,普通重型-機車;自用-小貨車(含客、貨兩用),120.690342,24.128924
107年01月16日 22時25分00秒,高雄市大寮區華中路 / 高雄市大寮區莒光三街,死亡1;受傷0,行人-人;自用-小客車,120.428744,22.576980
107年01月17日 10時00分00秒,新北市五股區民義路前0.0公尺,死亡1;受傷0,營業用-大貨車;乘客-人,121.423396,25.094674
107年01月17日 15時48分00秒,屏東縣內埔鄉豐田村龍崗路226-1號旁,死亡1;受傷0,腳踏自行車-慢車;自用-小客車,120.558187,22.637833
107年01月18日 05時58分40秒,桃園市蘆竹區富國路3段1078號前0.0公尺南側,死亡1;受傷0,普通重型-機車;營業用-曳引車,121.268537,25.054733
107年01月18日 06時21分00秒,新北市板橋區LP-R03-C004號號誌桿旁,死亡1;受傷1,大型重型2(250-550C.C.)-機車;行人-人,121.456906,24.998833
107年01月18日 07時18分00秒,宜蘭縣五結鄉親河路1段前0.0公尺東側,死亡1;受傷0,自用-小客車;普通重型-機車,121.815508,24.668505
107年01月18日 18時20分04秒,臺南市南區新建路西側 / 臺南市南區新建路,死亡1;受傷0,自用-小貨車(含客、貨兩用);行人-人,120.185312,22.965071
107年01月18日 19時18分28秒,新竹縣湖口鄉榮光路東側 / 新竹縣湖口鄉廬江路,死亡1;受傷0,普通重型-機車;自用-大貨車,121.001030,24.864087
107年01月18日 19時38分00秒,彰化縣北斗鎮大道里中山路2段 / 彰化縣北斗鎮大道里復興路,死亡1;受傷0,自用-曳引車;行人-人,120.522032,23.881164
107年01月18日 23時48分00秒,臺北市中正區公園路 / 臺北市中正區信陽街,死亡1;受傷0,行人-人;自用-小客車;自用-小客車,121.516997,25.044625
107年01月19日 00時13分00秒,臺中市太平區光明里環太東路251號前0.0公尺,死亡1;受傷0,普通重型-機車;自用-小貨車(含客、貨兩用),120.725050,24.150545
107年01月19日 07時08分00秒,嘉義市東區中庄里忠孝路 / 嘉義市東區中庄里義教街,死亡1;受傷0,自用-小貨車(含客、貨兩用);普通重型-機車,120.451168,23.498492
107年01月19日 07時30分10秒,臺南市東區生產路68號,死亡1;受傷0,普通重型-機車,120.221200,22.963416
107年01月19日 08時35分00秒,高雄市新興區村中正三路5號前0.0公尺,死亡1;受傷1,普通重型-機車;腳踏自行車-慢車,120.310971,22.630568
107年01月19日 08時50分00秒,臺南市北區西門路3段北側 / 臺南市北區民德路,死亡1;受傷0,普通輕型-機車;自用-小貨車(含客、貨兩用),120.204384,23.003841
107年01月19日 20時40分00秒,花蓮縣富里鄉學田村南興路西側 / 花蓮縣富里鄉學田村民權路,死亡1;受傷0,自用-小貨車(含客、貨兩用),121.221189,23.149719
107年01月19日 23時25分16秒,屏東縣崁頂鄉中正路93號,死亡1;受傷1,普通重型-機車;乘客-人,120.507196,22.509399
107年01月20日 02時43分00秒,新北市土城區擺接堡路前0.0公尺,死亡1;受傷2,自用-小客車;自用-小客車;乘客-人,121.438912,24.981379
107年01月20日 15時10分00秒,屏東縣東港鎮共和街59-6號,死亡1;受傷0,普通重型-機車,120.453159,22.463387
107年01月20日 22時30分00秒,南投縣埔里鎮蜈蚣里鯉魚路21-3號東側,死亡1;受傷0,普通重型-機車,121.001218,23.964475
107年01月20日 22時34分00秒,金門縣金城鎮民生路埔邊133號旁號前0.0公尺,死亡1;受傷0,自用-小客車;行人-人;行人-人,118.317518,24.439228
107年01月21日 05時05分38秒,臺南市南區健康路1段南側 / 臺南市南區慶中街,死亡1;受傷0,普通重型-機車;自用-小客車,120.205568,22.981271
107年01月21日 08時12分00秒,高雄市路竹區中山路1213號前0.0公尺前,死亡1;受傷0,普通重型-機車;自用-小客車,120.261500,22.853610
107年01月21日 19時42分00秒,臺中市北區五常里學士路前0.0公尺,死亡1;受傷3,自用-小客車;普通重型-機車;乘客-人;乘客-人,120.681988,24.154253
107年01月21日 22時39分11秒,苗栗縣苑裡鎮泰田里苗45線與鎮安九路,死亡1;受傷0,普通重型-機車;自用-小客車,120.691338,24.392433
107年01月22日 06時25分00秒,屏東縣屏東市忠孝路246號對面,死亡1;受傷2,自用-小客車;自用-小貨車(含客、貨兩用);乘客-人,120.488502,22.679637
107年01月23日 22時30分00秒,苗栗縣卓蘭鎮苗140線26公里處(往三義方向),死亡1;受傷1,自用-小客車;自用-小客車;乘客-人,120.821607,24.306975
107年01月24日 17時25分00秒,臺南市安南區台江大道5段西側 / 臺南市安南區北汕尾三路,死亡1;受傷0,電動自行車-慢車;自用-小客車,120.145486,23.064185
107年01月25日 19時08分30秒,嘉義縣水上鄉龍德村十一指厝75之11號前,死亡1;受傷0,普通重型-機車;普通重型-機車;自用-小貨車(含客、貨兩用),120.390759,23.421519
107年01月26日 08時37分00秒,臺南市新化區全興里中山路台39線路口,死亡1;受傷0,普通重型-機車;營業用-曳引車,120.289128,23.034855
107年01月26日 18時15分00秒,嘉義縣民雄鄉秀林村林子尾20號前路口,死亡1;受傷0,自用-大貨車;普通重型-機車;自用-小客車,120.477136,23.514630
107年01月26日 20時06分00秒,臺南市安南區安中路5段東側 / 臺南市安南區安中路5段,死亡1;受傷0,遊覽車-大客車;大型重型2(250-550C.C.)-機車,120.155824,23.055479
107年01月27日 06時15分00秒,臺中市大肚區蔗廍里遊園路二段前0.0公尺,死亡1;受傷1,普通重型-機車;行人-人,120.579781,24.170631
107年01月27日 07時13分00秒,臺東縣卑南鄉文泰路66號前0.0公尺,死亡1;受傷1,普通重型-機車;乘客-人,121.094577,22.856240
107年01月27日 07時40分06秒,彰化縣溪湖鎮國道1號 212公里400.0公尺處南向中線,死亡1;受傷1,自用-小客車;自用-小客車;乘客-人,120.506486,23.958479
107年01月28日 13時50分06秒,宜蘭縣員山鄉惠深一路南側 / 宜蘭縣員山鄉賢德路1段,死亡1;受傷0,自用-小客車;自用-小客車;腳踏自行車-慢車,121.731712,24.722145
107年01月28日 18時29分00秒,彰化縣彰化市西興里彰草路 / 彰化縣彰化市西興里金馬路3段,死亡1;受傷0,自用-小客車;普通重型-機車,120.528476,24.077108
107年01月28日 21時10分43秒,桃園市桃園區大有路899號前0.0公尺,死亡1;受傷1,普通重型-機車;行人-人;行人-人,121.314697,25.021236
107年01月29日 16時58分18秒,屏東縣潮州鎮光春路415號,死亡1;受傷0,自用-小貨車(含客、貨兩用),120.542614,22.529504
107年01月29日 17時37分00秒,高雄市岡山區介壽東路口 / 高雄市岡山區岡燕路口,死亡1;受傷0,普通重型-機車;營業用-大貨車,120.315032,22.786543
107年01月29日 22時16分54秒,桃園市大園區國道2號 1公里西向交流道,死亡1;受傷0,自用-大貨車,121.213810,25.059652
107年01月29日 23時21分00秒,雲林縣麥寮鄉後安村雲3線往北(燈桿編號013501),死亡1;受傷0,自用-小客車;行人-人,120.256266,23.748531
107年01月30日 01時17分00秒,桃園市八德區介壽路2段177號前0.0公尺,死亡1;受傷1,普通重型-機車;行人-人,121.298661,24.953059
107年01月30日 02時35分00秒,臺東縣臺東市桂林北路1008031號路燈前,死亡1;受傷0,普通重型-機車;自用-小貨車(含客、貨兩用),121.143832,22.748198
107年01月30日 15時54分00秒,臺中市北屯區平昌里北平路前0.0公尺,死亡1;受傷0,自用-小客車;行人-人,120.694107,24.170224
107年01月31日 07時40分00秒,高雄市前鎮區中安路前0.0公尺,死亡1;受傷0,普通重型-機車,120.335800,22.582950
107年01月31日 19時10分42秒,宜蘭縣三星鄉萬富村上將路五段北側 / 宜蘭縣三星鄉萬富村富貴一路,死亡1;受傷0,自用-小貨車(含客、貨兩用);普通重型-機車,121.684334,24.679514
107年01月31日 20時50分00秒,新北市板橋區大漢橋路前0.0公尺,死亡1;受傷0,自用-小客車,121.471979,25.017629
107年02月01日 00時55分00秒,新北市板橋區臺65線道路前0.0公尺,死亡1;受傷0,自用-小客車,121.437265,24.978282
107年02月01日 01時28分00秒,臺中市烏日區光明里五光路826號前0.0公尺,死亡1;受傷0,自用-小客車;自用-小客車,120.632138,24.099108
107年02月01日 19時00分00秒,苗栗縣頭份市中正路642之1號前,死亡1;受傷0,自用-小客車;行人-人,120.923284,24.687518
107年02月03日 07時29分00秒,宜蘭縣礁溪鄉光武村武暖路77-6號,死亡1;受傷0,普通重型-機車,121.766741,24.780192
107年02月03日 19時13分37秒,臺南市安定區海寮里臺19線130.9km,死亡1;受傷0,普通重型-機車,120.208154,23.100507
107年02月04日 17時50分00秒,臺南市左鎮區榮和里菜寮56號旁,死亡1;受傷1,自用-小客車;乘客-人,120.386959,23.064137
107年02月05日 15時28分00秒,雲林縣土庫鎮新庄里雲88線與雲103線路口,死亡2;受傷12,自用-小貨車(含客、貨兩用);自用-小貨車(含客、貨兩用);乘客-人;乘客-人;乘客-人;乘客-人;乘客-人;乘客-人;乘客-人;乘客-人;乘客-人;乘客-人;乘客-人;乘客-人,120.352687,23.730878
107年02月05日 20時54分00秒,桃園市新屋區台66線 7公里600.0公尺處西向外側,死亡1;受傷2,自用-小客車;自用-小客車;自用-小客車,121.067907,24.982660
107年02月06日 07時30分00秒,新北市新店區祥和路前0.0公尺,死亡1;受傷2,計程車-小客車;乘客-人;乘客-人,121.515125,24.968392
107年02月06日 13時12分00秒,桃園市蘆竹區仁愛路三段高鐵橋下,死亡1;受傷0,腳踏自行車-慢車,121.309720,25.055258
107年02月06日 21時20分10秒,南投縣草屯鎮御史里登輝路212號對面,死亡1;受傷0,自用-大貨車;普通重型-機車,120.692679,23.989066
107年02月06日 22時52分00秒,彰化縣二林鎮廣興里廣興巷前0.0公尺,死亡1;受傷0,自用-小客車,120.361207,23.860987
107年02月07日 16時35分00秒,臺南市安南區北安路4段東側 / 臺南市安南區工明路,死亡1;受傷0,自用-小客車;普通重型-機車,120.213822,23.059504
107年02月07日 18時25分50秒,花蓮縣秀林鄉台9線 191公里700.0公尺處南向外側,死亡1;受傷1,普通重型-機車;自用-小貨車(含客、貨兩用);乘客-人,121.609887,24.081447
107年02月07日 21時22分50秒,高雄市旗山區國道10號 32公里400.0公尺處東側向外側,死亡1;受傷0,自用-小客車,120.491568,22.864309
107年02月08日 18時14分00秒,高雄市前鎮區村三多二路 / 高雄市前鎮區桂林街,死亡1;受傷0,營業用-大貨車;普通重型-機車,120.316065,22.617780
107年02月09日 05時59分33秒,新竹縣關西鎮正義、北平路口,死亡1;受傷0,行人-人;自用-小客車,121.171691,24.797590
107年02月09日 07時39分00秒,彰化縣大村鄉村上村中正西路62號前0.0公尺,死亡1;受傷0,營業用-大貨車;普通重型-機車,120.561803,23.989008
107年02月09日 15時00分00秒,高雄市六龜區旗六公路13K號前0.0公尺,死亡1;受傷4,自用-小客車;乘客-人;乘客-人;乘客-人;乘客-人,120.641414,22.923666
107年02月09日 16時40分00秒,花蓮縣富里鄉台9線 304公里600.0公尺處南,死亡1;受傷0,普通重型-機車;營業用-半聯結車,121.242244,23.161293
107年02月10日 01時50分00秒,臺南市中西區西門路2段北側 / 臺南市中西區民族路3段,死亡1;受傷1,腳踏自行車-慢車;自用-小客車,120.200229,22.998001
107年02月10日 06時30分00秒,臺南市佳里區蚶寮里南34線公路與南35線公路路口,死亡1;受傷2,普通重型-機車;自用-小客車;乘客-人,120.155840,23.130277
107年02月10日 07時00分00秒,高雄市前鎮區環區一路與南二路口,死亡1;受傷1,普通重型-機車;普通重型-機車,120.294145,22.597490
107年02月10日 08時22分00秒,彰化縣彰化市牛埔里彰興路2段 / 彰化縣彰化市牛埔里彰南路3段,死亡1;受傷1,普通重型-機車;普通重型-機車,120.599726,24.084856
107年02月11日 03時27分00秒,臺中市西區土庫里五權西路前0.0公尺,死亡1;受傷0,自用-小貨車(含客、貨兩用);行人-人,120.656956,24.140148
107年02月11日 05時15分43秒,宜蘭縣頭城鎮頂埔里頂埔路1段276號前0.0公尺東側,死亡1;受傷1,普通重型-機車;行人-人,121.814277,24.846261
107年02月11日 23時55分02秒,臺南市白河區大竹里南89線4.6公里處,死亡1;受傷0,自用-小客車,120.412528,23.362254
107年02月12日 13時05分00秒,臺南市安南區海佃路2段南側 / 臺南市安南區海東七街,死亡1;受傷1,普通重型-機車;普通重型-機車,120.189670,23.033846
107年02月12日 20時13分00秒,臺東縣大武鄉台9線 435公里700.0公尺處北向路肩,死亡1;受傷0,普通重型-機車,120.905332,22.356647
107年02月13日 18時47分00秒,屏東縣林邊鄉下庄57號前,死亡1;受傷0,行人-人;自用-小客車,120.525770,22.455774
107年02月13日 22時35分00秒,嘉義縣民雄鄉台1線 256公里700.0公尺處南向外側,死亡1;受傷4,自用-小客車;自用-小貨車(含客、貨兩用);乘客-人;乘客-人;乘客-人,120.435269,23.567642
107年02月14日 08時00分00秒,臺中市后里區廣福里三豐路三段前0.0公尺,死亡1;受傷2,普通重型-機車;普通重型-機車;自用-小貨車(含客、貨兩用);自用-小客車;自用-小客車;乘客-人,120.723563,24.298088
107年02月14日 10時08分00秒,臺東縣成功鎮忠仁里中山東路與南側 / 臺東縣成功鎮忠仁里光復路,死亡1;受傷0,自用-小貨車(含客、貨兩用);行人-人,121.380934,23.105283
107年02月14日 14時02分00秒,新竹市東區光復路二段316號前0.0公尺,死亡1;受傷0,自用-小貨車(含客、貨兩用);普通重型-機車,121.001731,24.793054
107年02月14日 21時47分00秒,臺北市中山區民族東路129號前0.0公尺,死亡1;受傷0,自用-小貨車(含客、貨兩用);行人-人,121.539410,25.068314
107年02月15日 10時32分26秒,嘉義縣竹崎鄉灣橋村朴子埔185號,死亡1;受傷1,自用-小客車;自用-小貨車(含客、貨兩用),120.515289,23.490790
107年02月15日 23時30分00秒,雲林縣土庫鎮越港里林森路與大同路,死亡1;受傷0,自用-小客車,120.395705,23.676400
107年02月16日 18時40分00秒,屏東縣里港鄉新民路(大山寮高幹62左40),死亡1;受傷0,普通重型-機車,120.528107,22.767684
107年02月16日 19時34分00秒,雲林縣褒忠鄉新湖村新湖路25號前,死亡1;受傷0,自用-小客車,120.292556,23.705368
107年02月16日 20時04分38秒,花蓮縣吉安鄉廣賢路2段61號前0.0公尺東側,死亡1;受傷0,自用-小客車;普通重型-機車,121.573463,23.941622
107年02月16日 20時50分00秒,基隆市暖暖區八堵路大華二橋,死亡1;受傷0,大型重型2(250-550C.C.)-機車,121.729054,25.108334
107年02月17日 00時50分00秒,臺南市南區樹林街2段西側 / 臺南市南區西門路1段,死亡1;受傷2,普通重型-機車;普通重型-機車;乘客-人,120.197508,22.986334
107年02月17日 14時41分17秒,新竹縣新豐鄉瑞興村9鄰167號附近,死亡1;受傷2,自用-小客車;乘客-人;乘客-人,121.026122,24.903614
107年02月17日 21時50分00秒,臺中市豐原區社皮里豐原大道一段前0.0公尺,死亡1;受傷0,自用-小客車;行人-人,120.703267,24.246409
107年02月18日 16時06分00秒,新北市金山區臺2甲線道路前0.0公尺,死亡1;受傷6,自用-小客車;自用-小客車;乘客-人;乘客-人;乘客-人;乘客-人;乘客-人,121.585603,25.186546
107年02月19日 16時17分00秒,桃園市大溪區員林路3段584號前0.0公尺,死亡1;受傷1,普通重型-機車;乘客-人,121.252906,24.876383
107年02月19日 16時59分00秒,新北市坪林區北宜公路前0.0公尺,死亡1;受傷0,大型重型2(250-550C.C.)-機車,121.720231,24.901738
107年02月19日 22時30分00秒,雲林縣斗南鎮延平路二段312049號路燈附近,死亡1;受傷0,腳踏自行車-慢車;自用-小客車,120.476019,23.672192
107年02月20日 04時09分00秒,臺北市大安區市民大道4段前0.0公尺,死亡1;受傷0,普通重型-機車;自用-小客車;普通重型-機車;普通重型-機車,121.552859,25.044306
107年02月20日 05時43分00秒,屏東縣長治鄉台24線新榮3-16號前,死亡1;受傷0,普通重型-機車,120.569581,22.707102
107年02月20日 10時16分00秒,新竹縣竹北市蓮花路75巷,死亡1;受傷0,普通重型-機車;自用-小貨車(含客、貨兩用),120.959045,24.863834
107年02月20日 16時24分00秒,彰化縣二林鎮後厝里斗苑路3段321號前0.0公尺前,死亡1;受傷1,自用-小貨車(含客、貨兩用);自用-小客車,120.400283,23.898076
107年02月21日 00時02分00秒,嘉義縣東石鄉下揖村嘉7線090669號路燈桿前,死亡1;受傷0,自用-小客車,120.203213,23.478021
107年02月21日 15時25分16秒,嘉義縣民雄鄉東榮村文化路與進興街旁,死亡1;受傷1,普通重型-機車;腳踏自行車-慢車,120.424912,23.547898
107年02月22日 09時30分24秒,嘉義縣太保市田尾里產業道路(溪南1之88號),死亡1;受傷0,普通重型-機車,120.344368,23.503723
107年02月22日 13時10分00秒,屏東縣東港鎮中正路3段650號,死亡1;受傷0,普通重型-機車,120.475066,22.488910
107年02月23日 06時00分00秒,臺東縣海端鄉東7 7公里700.0公尺處北向外側,死亡1;受傷0,普通重型-機車,121.183671,23.071258
107年02月23日 08時17分00秒,高雄市岡山區成功路口 / 高雄市岡山區岡山路口,死亡1;受傷0,普通重型-機車;營業用-大貨車,120.294535,22.799669
107年02月23日 16時00分00秒,臺中市東勢區下新里東蘭路78-6號前0.0公尺,死亡1;受傷0,自用-小客車;行人-人;自用-小客車;自用-小客車,120.820093,24.274157
107年02月23日 18時34分00秒,彰化縣秀水鄉鶴鳴村彰鹿路150號前0.0公尺前,死亡1;受傷0,自用-小客車;行人-人,120.504277,24.050617
107年02月23日 23時59分18秒,桃園市大園區台61線 31公里600.0公尺處南向內側,死亡1;受傷0,大型重型1(550C.C.以上)-機車,121.178756,25.082410
107年02月24日 01時16分00秒,桃園市龜山區大湖路上警察大學後門附近,死亡1;受傷0,普通重型-機車,121.354221,25.047641
107年02月24日 04時45分20秒,南投縣中寮鄉內城村龍南路11-1號東側,死亡1;受傷0,自用-小貨車(含客、貨兩用);其他人-人,120.788462,23.945022
107年02月24日 12時20分00秒,雲林縣斗南鎮新崙里產業道路斗南鎮115573號燈桿處路口,死亡1;受傷1,自用-小客車;普通重型-機車,120.441682,23.675671
107年02月24日 12時44分59秒,桃園市復興區三民里11鄰水流東33號(O107020208三民所),死亡1;受傷0,自用-小客車;普通重型-機車;自用-小客車,121.331160,24.831699
107年02月24日 15時14分56秒,屏東縣新園鄉塩光路120-7號,死亡1;受傷1,普通重型-機車;乘客-人,120.442154,22.477400
107年02月24日 16時54分00秒,新北市五股區疏洪一路前0.0公尺,死亡1;受傷1,普通重型-機車;乘客-人,121.458371,25.075385
107年02月24日 17時50分57秒,臺南市永康區永大路1段北側 / 臺南市永康區大灣東路,死亡1;受傷0,民營公車-大客車;普通重型-機車,120.258415,22.997879
107年02月25日 02時45分54秒,桃園市桃園區中山路219號,死亡1;受傷0,普通重型-機車;自用-小客車,121.307822,24.992844
107年02月25日 13時00分21秒,嘉義縣阿里山鄉十字村台18線80.3公里處,死亡1;受傷1,自用-小客車;乘客-人,120.782579,23.490291
107年02月25日 16時34分00秒,雲林縣元長鄉五塊村北水路29號旁路口,死亡1;受傷0,普通重型-機車;自用-小客車,120.286836,23.674894
107年02月26日 11時18分20秒,屏東縣內埔鄉東勢村大同路4段(龍泉高幹78號電桿),死亡1;受傷0,普通重型-機車,120.566320,22.615134
107年02月26日 17時00分00秒,臺中市清水區臨江里臨港路七段前0.0公尺,死亡1;受傷0,自用-小客車;普通輕型-機車,120.564523,24.297291
107年02月26日 18時29分10秒,苗栗縣通霄鎮坪頂里14鄰133-5號前,死亡1;受傷0,自用-小客車;行人-人,120.701406,24.456170
107年02月27日 04時52分00秒,臺中市北屯區平田里興安路一段前0.0公尺,死亡1;受傷2,自用-小貨車(含客、貨兩用);自用-小客車;普通重型-機車;自用-小客車;乘客-人,120.694614,24.174519
107年02月27日 05時15分00秒,高雄市燕巢區國道10號 14公里900.0公尺處東向內側,死亡1;受傷0,自用-小客車,120.382228,22.759615
107年02月27日 16時46分00秒,高雄市小港區村明聖街116號前0.0公尺前,死亡1;受傷1,普通重型-機車;腳踏自行車-慢車,120.346600,22.581850
107年02月27日 18時45分00秒,高雄市三民區陽明路口 / 高雄市三民區澄和路口,死亡1;受傷1,普通重型-機車;普通重型-機車,120.342512,22.644941
107年02月28日 05時53分00秒,臺北市萬華區西園路1段 / 臺北市萬華區和平西路3段,死亡1;受傷1,大型重型1(550C.C.以上)-機車;行人-人,121.499346,25.035301
107年02月28日 13時07分00秒,嘉義縣中埔鄉龍門村龍門24之20號,死亡1;受傷0,自用-小貨車(含客、貨兩用),120.503737,23.420029
107年02月28日 16時10分00秒,嘉義縣朴子市永和里台82線東西向快速道路8.7公里附近,死亡1;受傷0,自用-小貨車(含客、貨兩用),120.228577,23.453452
107年03月01日 07時20分00秒,臺南市仁德區中正路1段北側 / 臺南市仁德區二仁路1段,死亡1;受傷0,營業用-全聯結車;腳踏自行車-慢車,120.225807,22.918657
107年03月01日 18時36分00秒,桃園市桃園區富國路669號前0.0公尺西側,死亡1;受傷0,普通重型-機車;營業用-曳引車,121.281436,25.021016
107年03月01日 20時40分31秒,彰化縣彰化市國道3號 203公里400.0公尺處北向中線,死亡1;受傷1,自用-小客車;自用-小客車;其他人-人;自用-小客車;自用-小客車,120.566336,24.105133
107年03月02日 14時05分00秒,花蓮縣壽豐鄉豐坪村豐坪路3段北側,死亡1;受傷0,自用-小貨車(含客、貨兩用),121.505970,23.829312
107年03月02日 15時39分28秒,新竹縣竹北市中正西路1458號,死亡1;受傷0,普通重型-機車;營業用-大貨車,120.967300,24.842414
107年03月02日 18時40分00秒,南投縣名間鄉大坑村4鄰南田路217號前0.0公尺西側,死亡1;受傷1,普通重型-機車;行人-人,120.648019,23.870760
107年03月03日 00時44分00秒,臺南市鹽水區後宅里南3線5公里100公尺處,死亡1;受傷0,普通重型-機車,120.254856,23.310497
107年03月03日 00時53分00秒,屏東縣萬丹鄉四維村丹榮路南側 / 屏東縣萬丹鄉四維村萬丹路2段,死亡1;受傷0,普通重型-機車,120.488383,22.602621
107年03月03日 06時04分00秒,桃園市大園區圳頭里1鄰後館1-12號,死亡1;受傷0,普通重型-機車;營業用-曳引車,121.192691,25.081932
107年03月03日 06時30分30秒,雲林縣西螺鎮大新里大新路1-2號北側,死亡1;受傷0,自用-小客車,120.497662,23.791217
107年03月04日 07時30分00秒,臺中市北屯區舊社里北屯路前0.0公尺,死亡1;受傷0,普通重型-機車;自用-小客車,120.700341,24.179296
107年03月04日 11時18分51秒,苗栗縣苑裡鎮玉豐5路與玉豐10路口,死亡1;受傷1,自用-小客車;普通重型-機車;乘客-人;乘客-人;乘客-人;乘客-人,120.677505,24.409826
107年03月04日 17時14分00秒,桃園市平鎮區南勢里快速路2段795號前0.0公尺,死亡1;受傷0,自用-小客車;普通重型-機車,121.219801,24.924567
107年03月05日 05時40分00秒,桃園市楊梅區永美路東側 / 桃園市楊梅區萬大路,死亡1;受傷1,普通重型-機車;自用-小客車;乘客-人,121.179388,24.910674
107年03月05日 05時54分00秒,新北市三重區重新路5段451號前0.0公尺,死亡1;受傷0,行人-人;自用-小客車,121.473932,25.047342
107年03月05日 11時20分50秒,桃園市中壢區龍岡里龍岡路三段與游泳路口,死亡1;受傷0,普通重型-機車;自用-小貨車(含客、貨兩用),121.239713,24.930238
107年03月06日 08時14分22秒,臺南市善化區環西路二段(資源再生中心旁)路燈編號41-2-2附近,死亡1;受傷0,普通重型-機車,120.269640,23.120452
107年03月06日 12時54分19秒,南投縣埔里鎮中山路三段與水裡巷口,死亡1;受傷1,普通重型-機車;普通重型-機車,120.956805,23.969007
107年03月06日 15時14分34秒,苗栗縣通霄鎮國道3號 140公里800.0公尺處南向內側,死亡1;受傷0,自用-小貨車(含客、貨兩用);自用-大貨車;自用-大貨車,120.703651,24.489706
107年03月07日 07時33分00秒,新竹縣新埔鎮褒忠路283之57號前(往竹北方向),死亡1;受傷0,普通重型-機車,121.036391,24.844249
107年03月07日 09時00分00秒,嘉義市西區福安里世賢路2段 / 嘉義市西區福安里北港路,死亡1;受傷0,自用-小貨車(含客、貨兩用);普通重型-機車,120.422993,23.484149
107年03月07日 09時18分00秒,新北市八里區中華路 / 新北市八里區商港路,死亡1;受傷0,營業用-曳引車;普通重型-機車,121.405313,25.149446
107年03月07日 11時42分00秒,嘉義縣新港鄉南崙村崙子500號前路口,死亡1;受傷2,自用-小客車;自用-小貨車(含客、貨兩用);自用-小客車;乘客-人;乘客-人;乘客-人,120.354055,23.587611
107年03月07日 14時52分19秒,臺南市將軍區將富里,死亡1;受傷0,普通重型-機車,120.135502,23.221368
107年03月07日 18時38分57秒,花蓮縣吉安鄉南海十街東側 / 花蓮縣吉安鄉海岸路,死亡1;受傷0,營業用-大貨車;腳踏自行車-慢車,121.586616,23.941994
107年03月08日 22時11分39秒,臺南市善化區溪美里台19甲線與南122線路口,死亡1;受傷0,自用-小客車;普通重型-機車,120.287093,23.152968
107年03月09日 04時09分30秒,苗栗縣後龍鎮台六線與龍坑里6鄰埔仔頂48號旁產業道路口附近,死亡1;受傷0,營業用-大貨車;普通重型-機車,120.784769,24.598459
107年03月09日 07時13分00秒,嘉義縣太保市港尾里產業道路(電桿015760旁),死亡1;受傷0,普通重型-機車,120.362912,23.464054
107年03月09日 08時13分00秒,高雄市林園區溪州二路115巷林園幹12號前0.0公尺,死亡1;受傷1,普通重型-機車;普通重型-機車,120.400468,22.510761
107年03月09日 14時59分59秒,雲林縣北港鎮台19線 65公里北向內側,死亡1;受傷2,自用-小貨車(含客、貨兩用);普通重型-機車;自用-小貨車(含客、貨兩用);自用-小客車;乘客-人,120.301568,23.591273
107年03月09日 15時13分00秒,高雄市燕巢區中興路附近 / 高雄市燕巢區中興路附近,死亡1;受傷0,自用-大貨車;普通重型-機車,120.361746,22.792929
107年03月09日 18時46分00秒,基隆市仁愛區仁二路 / 基隆市仁愛區愛三路,死亡1;受傷0,行人-人;民營客運-大客車,121.743403,25.129483
107年03月09日 23時46分37秒,屏東縣潮州鎮台一線與彭城路口,死亡1;受傷1,普通重型-機車;自用-小客車;乘客-人;乘客-人;乘客-人;乘客-人;乘客-人,120.548731,22.539583
107年03月10日 01時42分00秒,臺中市中區中華里臺灣大道一段562號前0.0公尺,死亡1;受傷0,自用-小客車;普通重型-機車,120.676519,24.145325
107年03月10日 04時39分00秒,彰化縣員林市三多里莒光路838號前0.0公尺,死亡1;受傷0,行人-人;自用-小客車,120.571264,23.971797
107年03月10日 05時30分23秒,南投縣埔里鎮中山路三段588號前0.0公尺東側,死亡1;受傷0,自用-小客車;行人-人,120.949874,23.970887
107年03月10日 07時20分52秒,嘉義縣梅山鄉梅北村健康街南側 / 嘉義縣梅山鄉梅北村新市路,死亡1;受傷1,普通重型-機車;普通重型-機車,120.559506,23.587360
107年03月10日 08時20分00秒,臺東縣臺東市臨海路1段南側 / 臺東縣臺東市馬亨亨大道,死亡1;受傷0,普通重型-機車;自用-小客車,121.162212,22.756011
107年03月10日 10時52分00秒,臺南市安平區怡平路364號前0.0公尺,死亡1;受傷2,自用-小客車;普通輕型-機車;普通重型-機車;乘客-人,120.177706,22.993336
107年03月10日 11時30分00秒,雲林縣西螺鎮國道1號 233公里400.0公尺處北向內側,死亡1;受傷1,自用-小客車;自用-小客車;乘客-人,120.467914,23.758785
107年03月10日 12時04分03秒,南投縣名間鄉新街村彰南路556號前0.0公尺,死亡1;受傷0,電動自行車-慢車;自用-小客車,120.692089,23.881649
107年03月10日 17時20分00秒,臺南市南區濱南路南側 / 臺南市南區商港路,死亡1;受傷0,自用-小客車;普通重型-機車,120.175384,22.941984
107年03月10日 23時14分00秒,臺南市永康區大灣路107號,死亡1;受傷0,普通輕型-機車;自用-小貨車(含客、貨兩用),120.269752,23.009983
107年03月11日 23時31分00秒,臺南市安定區港南里市道178線北側 / 臺南市安定區港南里國道8號旁道路,死亡1;受傷0,普通重型-機車;自用-小客車,120.225760,23.085364
107年03月12日 07時20分55秒,屏東縣崁頂鄉力社村南二高平面道路,死亡1;受傷0,普通重型-機車,120.499121,22.515843
107年03月12日 15時50分00秒,屏東縣長治鄉振興路16-11號前0.0公尺,死亡1;受傷0,普通重型-機車,120.580882,22.710179
107年03月12日 16時25分00秒,臺中市大雅區文雅里中清路三段前0.0公尺,死亡1;受傷0,營業用-大貨車;腳踏自行車-慢車,120.646564,24.222718
107年03月12日 17時19分52秒,屏東縣萬丹鄉新庄村萬順路1段北側 / 屏東縣萬丹鄉新庄村萬新路,死亡1;受傷0,普通重型-機車,120.486244,22.567042
107年03月12日 18時45分00秒,臺南市新化區東榮里中正路294號前0.0公尺東側,死亡1;受傷1,普通重型-機車;其他人-人,120.308552,23.031561
107年03月13日 08時32分00秒,苗栗縣頭屋鄉象山路、孔聖路口,死亡1;受傷0,普通重型-機車;營業用-小貨車(含客、貨兩用),120.864046,24.579919
107年03月13日 10時46分00秒,南投縣名間鄉濁水村員集路東側 / 南投縣名間鄉濁水村車站路東側,死亡1;受傷0,普通重型-機車;自用-小客車,120.704384,23.835658
107年03月14日 10時41分00秒,高雄市鳳山區鳳南路口 / 高雄市鳳山區善志街口,死亡1;受傷1,普通重型-機車;普通重型-機車,120.335462,22.601472
107年03月14日 15時25分14秒,高雄市旗津區旗津一路往過港隧道汽車道LB-23-5路燈處,死亡1;受傷2,自用-小客車;自用-小客車;自用-小客車,120.304695,22.562876
107年03月14日 16時39分24秒,臺南市新化區復興路北側 / 臺南市新化區外環道路,死亡1;受傷0,營業用-半聯結車;普通重型-機車,120.313327,23.024798
107年03月15日 18時43分00秒,新北市八里區龍米路1段30巷前0.0公尺,死亡1;受傷1,普通重型-機車;乘客-人,121.457425,25.116833
107年03月15日 18時51分00秒,新竹縣竹北市中正西路926巷口,死亡1;受傷0,自用-小客車;普通重型-機車,120.980725,24.840564
107年03月15日 19時30分00秒,雲林縣林內鄉國道3號 257公里500.0公尺處北向內側,死亡1;受傷0,其他人-人;自用-小貨車(含客、貨兩用);自用-小客車,120.605676,23.762712
107年03月16日 01時24分07秒,嘉義縣鹿草鄉重寮村中寮84之31號前,死亡2;受傷1,自用-小客車;普通重型-機車;乘客-人,120.313052,23.401874
107年03月16日 12時17分00秒,嘉義縣水上鄉三鎮村台1線275.6公里處,死亡2;受傷0,普通重型-機車;自用-小貨車(含客、貨兩用);乘客-人,120.387306,23.415769
107年03月16日 12時29分23秒,臺南市新營區國道1號 288公里南向交流道,死亡1;受傷0,營業用-半聯結車,120.296979,23.317340
107年03月17日 09時57分51秒,臺南市仁德區中正路3段189號前0.0公尺,死亡1;受傷0,普通重型-機車;自用-大貨車,120.254185,22.976760
107年03月17日 18時51分27秒,新竹縣竹東鎮中豐路三段632號附近,死亡1;受傷0,普通重型-機車;營業用-大貨車,121.044977,24.774922
107年03月17日 21時54分00秒,彰化縣北斗鎮西安里中山路2段 / 彰化縣北斗鎮西安里中山路2段,死亡1;受傷0,自用-小客車;行人-人,120.519157,23.875760
107年03月18日 06時42分56秒,屏東縣潮州鎮江山路西外環道,死亡1;受傷0,自用-小客車;腳踏自行車-慢車;乘客-人,120.520626,22.549708
107年03月18日 15時35分00秒,彰化縣二林鎮廣興里溝頭巷前0.0公尺,死亡1;受傷4,自用-小客車;行人-人;行人-人;行人-人;自用-小貨車(含客、貨兩用);乘客-人,120.361748,23.870888
107年03月18日 15時37分24秒,南投縣中寮鄉縣139線 56公里900.0公尺處東側向內側,死亡1;受傷0,大型重型2(250-550C.C.)-機車,120.769727,23.867423
107年03月19日 01時34分00秒,嘉義縣民雄鄉西昌村竹仔腳1-5號對面,死亡1;受傷0,普通重型-機車,120.382914,23.546884
107年03月19日 08時30分34秒,屏東縣新園鄉仙吉村仙吉路段418號前0.0公尺,死亡1;受傷1,普通輕型-機車;營業用-小貨車(含客、貨兩用),120.466704,22.551649
107年03月19日 08時41分00秒,新北市新莊區思源路 / 新北市新莊區幸福路,死亡1;受傷2,自用-小客車;普通重型-機車;普通重型-機車;普通重型-機車,121.460423,25.042322
107年03月19日 09時05分00秒,臺東縣臺東市民航路南側 / 臺東縣臺東市豐谷北路,死亡1;受傷0,自用-小客車;普通重型-機車,121.114802,22.753462
107年03月19日 15時55分57秒,花蓮縣壽豐鄉豐山村中山路東側 / 花蓮縣壽豐鄉豐山村中山路,死亡1;受傷6,自用-小客車;自用-小客車;自用-小貨車(含客、貨兩用);自用-小客車;自用-小客車;乘客-人;乘客-人;乘客-人;乘客-人;乘客-人,121.494884,23.847838
107年03月20日 07時21分00秒,屏東縣鹽埔鄉維新路19-33號前0.0公尺,死亡1;受傷0,普通重型-機車;營業用-大貨車;自用-小客車,120.542521,22.727367
107年03月20日 11時27分00秒,高雄市三民區大豐一路口 / 高雄市三民區昌富街口,死亡1;受傷0,自用-小客車;普通重型-機車,120.331045,22.656972
107年03月20日 17時46分00秒,臺北市松山區健康路 / 臺北市松山區塔悠路,死亡1;受傷3,自用-小客車;自用-小客車;普通重型-機車;普通重型-機車;乘客-人;普通重型-機車,121.569686,25.054695
107年03月20日 20時35分00秒,臺中市霧峰區萬豐里中正路146巷前0.0公尺,死亡1;受傷0,自用-小貨車(含客、貨兩用);普通重型-機車,120.696517,24.024006
107年03月21日 16時02分00秒,雲林縣麥寮鄉台17線 77公里南側向路肩,死亡1;受傷0,自用-小客車;自用-小客車;自用-小客車;自用-小客車,120.265049,23.765908
107年03月22日 07時14分00秒,新北市新莊區思源路 / 新北市新莊區頭前路,死亡1;受傷0,自用-小客車;普通重型-機車,121.460423,25.042322
107年03月22日 10時45分11秒,雲林縣西螺鎮國道1號 229公里400.0公尺處南側向中線,死亡2;受傷2,營業用-半聯結車;自用-小客車;自用-大貨車;自用-半聯結車;乘客-人;乘客-人,120.476278,23.779515
107年03月22日 13時50分00秒,高雄市大樹區村溪埔路171-15號前0.0公尺,死亡1;受傷0,自用-小貨車(含客、貨兩用);普通重型-機車,120.445347,22.729284
107年03月22日 14時00分00秒,新北市泰山區新五路1段119號前0.0公尺,死亡1;受傷0,普通重型-機車;營業用-半聯結車;自用-小客車,121.440773,25.062021
107年03月22日 14時47分00秒,臺南市左鎮區榮和里菜寮1號前,死亡1;受傷1,普通重型-機車;乘客-人,120.382170,23.065256
107年03月22日 17時21分00秒,臺北市大同區台北橋前0.0公尺,死亡1;受傷1,大型重型2(250-550C.C.)-機車;自用-小貨車(含客、貨兩用);計程車-小客車;乘客-人,121.507221,25.063430
107年03月22日 18時20分00秒,屏東縣麟洛鄉民生路與民族路口,死亡1;受傷1,普通重型-機車;普通重型-機車,120.528553,22.652849
107年03月22日 18時51分00秒,花蓮縣吉安鄉光華村光華六街口 / 花蓮縣吉安鄉光華村華城二街口,死亡1;受傷0,自用-小貨車(含客、貨兩用);普通重型-機車,121.566159,23.926141
107年03月23日 13時25分42秒,南投縣埔里鎮大城里大城路132號東側,死亡1;受傷0,自用-小貨車(含客、貨兩用);普通重型-機車,120.953287,23.971776
107年03月23日 15時27分15秒,桃園市桃園區復興路331號前0.0公尺北側,死亡1;受傷1,行人-人;普通重型-機車;自用-小客車;計程車-小客車,121.304846,24.989486
107年03月23日 16時59分00秒,新北市中和區中山路 / 新北市中和區中正路,死亡1;受傷0,營業用-大貨車;普通重型-機車,121.492562,25.002934
107年03月24日 00時08分00秒,高雄市仁武區村八德一路133號前0.0公尺,死亡1;受傷0,普通重型-機車,120.339012,22.688008
107年03月24日 09時53分00秒,花蓮縣壽豐鄉溪口村中正路,死亡1;受傷0,自用-小貨車(含客、貨兩用);行人-人,121.489373,23.817886
107年03月25日 05時00分00秒,屏東縣枋山鄉竹坑村,死亡1;受傷2,自用-小客車;乘客-人;乘客-人,120.700191,22.143554
107年03月25日 12時57分00秒,臺北市北投區大度路3段 / 臺北市北投區大度路3段,死亡1;受傷3,租賃車-小客車;普通重型-機車;普通重型-機車;乘客-人;乘客-人,121.470755,25.122625
107年03月25日 16時06分58秒,嘉義縣新港鄉縣166線 26公里540.0公尺處西側,死亡1;受傷0,普通重型-機車;自用-小客車,120.359182,23.523973
107年03月26日 04時30分00秒,雲林縣東勢鄉縣153線 6公里500.0公尺處南側向內側,死亡1;受傷1,自用-小客車;乘客-人,120.253362,23.685207
107年03月26日 13時20分00秒,高雄市鳳山區村南華一路 / 高雄市鳳山區臨海路,死亡1;受傷0,營業用-曳引車;普通重型-機車,120.341419,22.598238
107年03月26日 15時10分00秒,屏東縣屏東市忠孝路舊航空站出口處,死亡1;受傷0,普通重型-機車;自用-小客車,120.491289,22.706016
107年03月26日 15時30分41秒,屏東縣內埔鄉中正路永豐路,死亡1;受傷0,營業用-大貨車;普通重型-機車,120.523664,22.626593
107年03月26日 17時50分00秒,彰化縣秀水鄉鶴鳴村馬鳴路 / 彰化縣秀水鄉鶴鳴村馬鳴路,死亡1;受傷0,普通重型-機車;自用-小客車,120.498230,24.058371
107年03月26日 18時14分00秒,新北市萬里區舊臺二線道路前0.0公尺,死亡1;受傷0,自用-小客車;普通重型-機車,121.691234,25.203859
107年03月26日 18時50分16秒,花蓮縣光復鄉大進街西側,死亡1;受傷0,自用-小貨車(含客、貨兩用);行人-人,121.422697,23.655750
107年03月27日 02時06分00秒,屏東縣九如鄉耆老村九如路3段西側 / 屏東縣九如鄉耆老村三民路西側,死亡1;受傷1,普通重型-機車;自用-小客車;乘客-人,120.491001,22.748906
107年03月27日 08時15分01秒,臺南市歸仁區八甲里中正北路1段西側 / 臺南市歸仁區八甲里大德路西側,死亡1;受傷0,自用-大貨車;普通輕型-機車,120.295604,22.972911
107年03月27日 14時00分34秒,花蓮縣吉安鄉吉豐路西側 / 花蓮縣吉安鄉吉豐路口,死亡1;受傷0,普通重型-機車;自用-小客車,121.551422,23.946263
107年03月28日 02時52分00秒,臺北市中山區南京東路2段 / 臺北市中山區松江路,死亡1;受傷0,計程車-小客車;普通重型-機車,121.533259,25.052121
107年03月28日 06時20分58秒,臺南市仁德區新田里義林南路口 / 臺南市仁德區新田里新田一街附近,死亡1;受傷0,營業用-曳引車;腳踏自行車-慢車,120.261690,22.950260
107年03月28日 06時43分00秒,高雄市大樹區村中正一路238-9號前0.0公尺,死亡1;受傷0,自用-小客車;普通重型-機車,120.433984,22.686799
107年03月28日 11時25分00秒,高雄市岡山區岡燕路 / 高雄市岡山區聖森路,死亡1;受傷1,營業用-大貨車;普通重型-機車;乘客-人,120.312367,22.790328
107年03月28日 16時10分00秒,臺東縣東河鄉台11線 147公里700.0公尺處南側向中內,死亡1;受傷5,自用-小客車;自用-小貨車(含客、貨兩用);乘客-人;乘客-人;乘客-人;乘客-人,121.206879,22.864620
107年03月28日 18時44分53秒,臺東縣關山鎮台9線 330公里100.0公尺處,死亡1;受傷0,普通重型-機車;自用-小貨車(含客、貨兩用),121.174232,23.074720
107年03月29日 07時49分00秒,彰化縣溪湖鎮湖東里員鹿路2段 / 彰化縣溪湖鎮湖東里東環路,死亡1;受傷0,營業用-曳引車;腳踏自行車-慢車,120.498045,23.940027
107年03月29日 13時50分03秒,臺南市東山區縣165線 18公里600.0公尺處東側向中線,死亡1;受傷1,自用-小客車;自用-小貨車(含客、貨兩用);自用-小貨車(含客、貨兩用),120.402026,23.315105
107年03月30日 01時30分00秒,宜蘭縣南澳鄉台9線 129公里100.0公尺處南側向外側,死亡2;受傷0,營業用-曳引車;乘客-人,121.811646,24.470342
107年03月30日 05時20分00秒,高雄市六龜區台二十七甲路5段柴頭溪橋號前0.0公尺前,死亡1;受傷0,自用-小客車,120.641324,22.969064
107年03月30日 10時00分00秒,屏東縣長治鄉下厝街口 / 屏東縣長治鄉中興路口,死亡1;受傷2,普通重型-機車;自用-小客車;乘客-人,120.524669,22.687830
107年03月30日 15時20分00秒,高雄市小港區大業南路 / 高雄市小港區上林街,死亡1;受傷0,營業用-曳引車;營業用-全聯結車,120.368521,22.532654
107年03月31日 02時55分00秒,臺南市仁德區台86線 3公里300.0公尺處西側向內側,死亡1;受傷0,大型重型1(550C.C.以上)-機車,120.203660,22.927792
107年03月31日 03時38分00秒,臺中市北屯區和平里東山路一段308號前0.0公尺,死亡1;受傷1,普通重型-機車;普通重型-機車,120.721200,24.176000
107年03月31日 13時39分00秒,彰化縣田中鎮三安里員集路1段337號前0.0公尺前,死亡1;受傷2,自用-小客車;乘客-人;乘客-人,120.596410,23.843107
107年04月01日 10時30分49秒,南投縣埔里鎮北梅里西安路一段506號前15.0公尺東側,死亡1;受傷1,普通重型-機車;普通重型-機車,120.971472,23.980725
107年04月01日 16時10分00秒,新竹縣新埔鎮照門里7鄰3-2號,死亡1;受傷2,自用-小客車;遊覽車-大客車;乘客-人;乘客-人,121.078053,24.828014
107年04月01日 22時35分04秒,彰化縣埤頭鄉國道1號 218公里300.0公尺處北側向外側,死亡1;受傷3,自用-大貨車;自用-小客車;營業用-半聯結車;自用-小客車;自用-小客車;乘客-人;乘客-人,120.490437,23.875824
107年04月02日 08時03分00秒,新北市五股區疏洪一路前0.0公尺,死亡1;受傷0,自用-小客車;普通重型-機車,121.458371,25.075385
107年04月02日 10時16分00秒,高雄市阿蓮區中正路 / 高雄市阿蓮區和平路,死亡1;受傷0,營業用-半聯結車;腳踏自行車-慢車,120.332385,22.880700
107年04月02日 12時30分00秒,新北市中和區民樂路 / 新北市中和區新生街,死亡1;受傷0,普通重型-機車;自用-小客車;乘客-人,121.482970,25.001529
107年04月02日 15時37分34秒,桃園市大園區桃園國際機場航勤北路與華儲進口倉路口處前,死亡1;受傷0,營業用-大貨車;普通重型-機車,121.244205,25.088795
107年04月02日 22時20分05秒,花蓮縣吉安鄉吉豐路三段,死亡1;受傷1,普通重型-機車;電動輔助自行車-慢車,121.553431,23.947599
107年04月03日 04時24分00秒,臺中市清水區海濱里港埠路四段前0.0公尺,死亡1;受傷1,自用-小客車;營業用-半聯結車;乘客-人,120.549108,24.281649
107年04月03日 08時30分50秒,花蓮縣新城鄉康樂村康樂路北側 / 花蓮縣新城鄉康樂村康樂三街口,死亡1;受傷0,自用-小貨車(含客、貨兩用);普通重型-機車;自用-小客車,121.605210,24.051465
107年04月03日 11時41分10秒,宜蘭縣南澳鄉台9線 139公里400.0公尺處北側,死亡1;受傷0,普通重型-機車;營業用-曳引車,121.774905,24.367602
107年04月03日 16時48分00秒,雲林縣西螺鎮河南里埔心路81號,死亡1;受傷0,腳踏自行車-慢車;營業用-曳引車,120.443421,23.798455
107年04月03日 20時21分00秒,南投縣名間鄉赤水村南田路259-8號北側,死亡1;受傷0,自用-小貨車(含客、貨兩用);行人-人,120.630662,23.859062
107年04月04日 10時22分00秒,新北市汐止區大同路1段 / 新北市汐止區新台五路,死亡1;受傷0,營業用-大貨車;普通重型-機車,121.633838,25.057350
107年04月04日 10時43分00秒,新北市石門區台二線道路前0.0公尺,死亡1;受傷2,普通重型-機車;普通重型-機車;乘客-人,121.567138,25.290828
107年04月04日 13時29分00秒,臺南市新營區開元路東側 / 臺南市新營區東山五路,死亡1;受傷2,自用-小客車;普通重型-機車;乘客-人,120.332184,23.316887
107年04月04日 13時30分50秒,宜蘭縣蘇澳鎮台2線166.7公里處(蘇港路北上車道),死亡1;受傷0,自用-小貨車(含客、貨兩用),121.855386,24.594294
107年04月04日 14時03分00秒,高雄市旗山區旗南二路8之3號前0.0公尺,死亡1;受傷0,普通重型-機車,120.467342,22.851572
107年04月04日 18時53分00秒,屏東縣崁頂鄉中興路6之1號,死亡1;受傷0,普通重型-機車,120.510601,22.510056
107年04月05日 17時06分00秒,新北市板橋區大仁街 / 新北市板橋區大仁街,死亡1;受傷0,普通重型-機車;行人-人,121.454810,25.016979
107年04月05日 20時40分00秒,基隆市信義區信一路103號前0.0公尺,死亡1;受傷0,行人-人;自用-小客車,121.749586,25.128860
107年04月06日 12時36分00秒,雲林縣崙背鄉豐榮村中佃厝產業道路路口,死亡1;受傷0,自用-小客車;電動輔助自行車-慢車,120.317434,23.802573
107年04月07日 07時20分00秒,高雄市林園區鳳林路3段123號前0.0公尺,死亡1;受傷1,普通重型-機車;乘客-人,120.395944,22.519441
107年04月07日 07時48分00秒,高雄市小港區宏平路前0.0公尺西側,死亡1;受傷0,普通重型-機車;自用-小客車,120.370079,22.565857
107年04月07日 13時04分42秒,雲林縣水林鄉車港村雲165線車港27電桿旁,死亡1;受傷0,普通重型-機車,120.239734,23.562809
107年04月08日 06時25分00秒,桃園市新屋區中山西路3段52號前0.0公尺,死亡1;受傷0,自用-小客車;行人-人,121.045026,24.987444
107年04月09日 03時06分35秒,臺南市北區中華北路2段北側 / 臺南市北區育德二路,死亡1;受傷0,計程車-小客車;行人-人,120.200664,23.020774
107年04月09日 17時04分53秒,臺南市永康區東灣里大灣東路南側 / 臺南市永康區東灣里大灣二街,死亡1;受傷0,普通重型-機車;自用-小貨車(含客、貨兩用),120.269203,23.001388
107年04月09日 21時18分00秒,臺北市南港區研究院路2段 / 臺北市南港區大坑街,死亡1;受傷0,自用-小貨車(含客、貨兩用);普通重型-機車,121.615892,25.048851
107年04月10日 04時29分30秒,桃園市桃園區民生路南側 / 桃園市桃園區和平路,死亡1;受傷0,自用-小客車;行人-人,121.311983,24.997034
107年04月10日 07時20分19秒,新竹縣竹東鎮雲南路24122號電桿旁,死亡1;受傷0,普通重型-機車,121.047536,24.763116
107年04月10日 14時00分20秒,嘉義縣新港鄉中庄村產業道路(路燈號碼:073053號),死亡1;受傷1,自用-小貨車(含客、貨兩用);普通重型-機車,120.347352,23.573742
107年04月10日 14時20分00秒,彰化縣秀水鄉埔崙村彰水路2段 / 彰化縣秀水鄉埔崙村民生街,死亡1;受傷0,普通重型-機車;自用-大貨車,120.493781,24.027032
107年04月10日 19時14分00秒,彰化縣彰化市國聖里金馬東路 / 彰化縣彰化市國聖里中山路3段,死亡1;受傷0,普通重型-機車;拖車(架)-其他車,120.578623,24.094517
107年04月10日 22時20分00秒,臺中市南區城煌里建成路前0.0公尺,死亡1;受傷0,自用-小客車;行人-人,120.684096,24.128994
107年04月11日 01時26分12秒,新竹市東區寶山路植物園斜對面東向西,死亡1;受傷1,普通重型-機車;乘客-人,120.982475,24.788054
107年04月11日 04時45分00秒,臺南市永康區永大路2段西側 / 臺南市永康區永大路2段,死亡1;受傷0,自用-小客車;普通重型-機車,120.262323,23.018675
107年04月11日 04時55分00秒,高雄市內門區內埔路 / 高雄市內門區內埔路,死亡1;受傷0,行人-人;自用-曳引車,120.461400,22.938330
107年04月11日 15時20分00秒,苗栗縣通霄鎮通霄交流道南下閘道路口附近,死亡1;受傷0,營業用-半聯結車;普通重型-機車,120.704083,24.497007
107年04月11日 17時56分00秒,臺南市安南區環館北路路燈桿68493號前0.0公尺,死亡1;受傷0,普通重型-機車;營業用-大貨車,120.235434,23.065255
107年04月12日 07時43分00秒,嘉義縣溪口鄉溪北村民權街西側 / 嘉義縣溪口鄉溪北村信義街北側,死亡1;受傷2,普通重型-機車;普通重型-機車;乘客-人,120.393672,23.606929
107年04月12日 09時17分12秒,屏東縣萬丹鄉香社村中興路一段611-3號,死亡1;受傷0,普通重型-機車,120.478960,22.571437
107年04月12日 14時45分00秒,臺南市安定區蘇厝里里內道路口(313-5號前),死亡1;受傷0,普通重型-機車;自用-小貨車(含客、貨兩用),120.249678,23.128012
107年04月12日 17時21分38秒,花蓮縣吉安鄉知卡宣大道3段口 / 花蓮縣吉安鄉廣賢路2段口,死亡1;受傷0,普通輕型-機車;自用-小貨車(含客、貨兩用),121.574122,23.944148
107年04月13日 04時22分00秒,彰化縣伸港鄉新港村美港公路 / 彰化縣伸港鄉新港村中興路,死亡1;受傷0,行人-人;營業用-半聯結車,120.489315,24.150473
107年04月13日 12時44分00秒,南投縣埔里鎮中正路102-2號前0.0公尺東側,死亡1;受傷0,普通輕型-機車,120.979618,23.941243
107年04月13日 18時55分00秒,嘉義縣中埔鄉隆興村嘉134-1線0.3公里處,死亡1;受傷0,自用-小貨車(含客、貨兩用),120.537554,23.439590
107年04月13日 22時19分00秒,彰化縣彰化市國道1號 194公里北側向外側,死亡1;受傷0,自用-小客車;乘客-人,120.556281,24.099435
107年04月14日 00時56分50秒,南投縣草屯鎮新庄里博愛路1267號對面,死亡1;受傷0,普通重型-機車,120.669332,23.989572
107年04月14日 16時38分28秒,嘉義縣阿里山鄉樂野村台18線64公里400公尺處,死亡1;受傷6,自用-小客車;乘客-人;乘客-人;乘客-人;乘客-人;乘客-人;乘客-人,120.710084,23.470920
107年04月14日 23時52分15秒,臺南市麻豆區寮廍里市道171線口 / 臺南市麻豆區寮廍里市道171甲線,死亡1;受傷1,自用-小貨車(含客、貨兩用);普通重型-機車;自用-小客車,120.276435,23.188769
107年04月15日 08時55分12秒,南投縣南投市育樂路97號西側,死亡1;受傷0,普通重型-機車;自用-小客車,120.691285,23.912226
107年04月15日 09時15分00秒,金門縣烈嶼鄉九井路前0.0公尺,死亡1;受傷0,自用-小貨車(含客、貨兩用);普通重型-機車,118.250647,24.425945
107年04月15日 13時52分00秒,屏東縣九如鄉九如路一段與機場外環道路口,死亡1;受傷0,自用-小客車;普通重型-機車,120.487934,22.707813
107年04月15日 19時10分00秒,嘉義市東區後庄里林森東路691弄前0.0公尺,死亡1;受傷0,腳踏自行車-慢車;計程車-小客車,120.480833,23.497468
107年04月15日 20時31分00秒,新北市三芝區臺2線道路前0.0公尺,死亡1;受傷0,普通重型-機車,121.488462,25.264386
107年04月16日 08時17分00秒,彰化縣田中鎮香山里山腳路2段 / 彰化縣田中鎮香山里山腳路2段,死亡1;受傷0,自用-小客車;行人-人,120.604100,23.846493
107年04月16日 10時00分00秒,臺北市萬華區西園路1段 / 臺北市萬華區和平西路3段,死亡1;受傷0,自用-小客車;行人-人,121.499224,25.035205
107年04月16日 12時50分00秒,新北市三峽區國道3號 51公里600.0公尺處北側向路肩,死亡1;受傷2,自用-小貨車(含客、貨兩用);乘客-人;乘客-人,121.348531,24.934654
107年04月16日 14時30分19秒,桃園市蘆竹區長興路東側 / 桃園市蘆竹區內新路,死亡1;受傷0,普通重型-機車;自用-大貨車,121.288698,25.070431
107年04月16日 16時39分00秒,屏東縣鹽埔鄉鹽南村建設街12-13號前0.0公尺,死亡1;受傷0,自用-小貨車(含客、貨兩用);腳踏自行車-慢車,120.574090,22.752346
107年04月16日 17時46分13秒,桃園市大溪區仁和路2段548巷248號前0.0公尺東側,死亡1;受傷0,自用-小客車;普通重型-機車,121.263426,24.912795
107年04月16日 19時50分00秒,彰化縣芬園鄉茄荖村光華路 / 彰化縣芬園鄉茄荖村嘉東街,死亡1;受傷0,自用-小客車;行人-人;自用-小客車,120.649163,24.009270
107年04月17日 06時40分00秒,臺南市將軍區忠興里興洲高幹55右1電線桿旁路口,死亡1;受傷0,普通重型-機車;自用-小貨車(含客、貨兩用),120.174658,23.202454
107年04月17日 16時49分00秒,嘉義縣水上鄉粗溪村中山路二段402號,死亡1;受傷1,普通重型-機車;普通重型-機車,120.398700,23.433877
107年04月18日 07時13分59秒,屏東縣新園鄉五房路898巷10-30號,死亡1;受傷1,普通重型-機車;普通重型-機車,120.438448,22.505511
107年04月18日 07時16分09秒,雲林縣斗六市科加二路西側 / 雲林縣斗六市科加路,死亡1;受傷0,普通重型-機車;自用-小客車,120.551063,23.738058
107年04月18日 21時42分00秒,新竹縣竹北市長青路一段193號,死亡1;受傷0,自用-小客車,120.956669,24.845964
107年04月19日 09時13分00秒,嘉義縣六腳鄉正義村台19線與嘉11線路口,死亡1;受傷1,腳踏自行車-慢車;自用-小客車;乘客-人,120.245635,23.477924
107年04月19日 09時20分00秒,臺東縣達仁鄉台9線 446公里300.0公尺處南側向內側,死亡1;受傷3,自用-小貨車(含客、貨兩用);普通重型-機車;租賃車-小客車;乘客-人;乘客-人;乘客-人,120.868567,22.279777
107年04月19日 11時23分00秒,臺北市北投區復興三路 / 臺北市北投區復興四路,死亡1;受傷0,自用-小客車;自用-小客車;自用-小客車,121.502936,25.144234
107年04月20日 00時36分00秒,彰化縣田尾鄉海豐村中正路3段 / 彰化縣田尾鄉海豐村新生路,死亡2;受傷0,自用-小貨車(含客、貨兩用);乘客-人,120.505966,23.864861
107年04月20日 06時19分00秒,臺南市安平區永華路2段口 / 臺南市安平區光州路口,死亡1;受傷0,自用-小客車;普通重型-機車,120.159718,22.991553
107年04月20日 07時08分00秒,嘉義市西區福安里高鐵大道 / 嘉義市西區福安里中興路,死亡1;受傷0,遊覽車-大客車;普通重型-機車,120.428571,23.478228
107年04月20日 07時45分00秒,新北市中和區中正路 / 新北市中和區和城路,死亡1;受傷1,計程車-小客車;大型重型1(550C.C.以上)-機車,121.485902,24.994313
107年04月20日 08時38分09秒,屏東縣崁頂鄉中正路1-1號前0.0公尺,死亡1;受傷1,普通重型-機車;腳踏自行車-慢車,120.507400,22.509646
107年04月20日 16時51分00秒,新北市新莊區光明路前0.0公尺,死亡1;受傷0,普通重型-機車,121.491111,25.059126
107年04月21日 10時40分00秒,新北市林口區文化二路 / 新北市林口區中華一路,死亡1;受傷0,腳踏自行車-慢車;自用-小客車,121.370023,25.072598
107年04月21日 11時00分00秒,屏東縣枋山鄉台一線448.3公里處南向(品味軒休息站前),死亡1;受傷0,自用-小貨車(含客、貨兩用);大型重型1(550C.C.以上)-機車,120.644112,22.296460
107年04月21日 20時24分00秒,臺中市大肚區社腳里沙田路二段2巷前0.0公尺,死亡1;受傷0,自用-小客車;大型重型1(550C.C.以上)-機車,120.552825,24.135894
107年04月22日 04時50分00秒,桃園市新屋區下田里中山西路二段915號對面,死亡1;受傷0,普通重型-機車;營業用-大貨車,121.055838,24.984046
107年04月22日 07時37分00秒,高雄市杉林區山仙路124燈號前0.0公尺南側,死亡1;受傷0,自用-小客車;普通重型-機車,120.542400,22.970980
107年04月22日 19時03分00秒,雲林縣麥寮鄉後安村後安路201之146號前0.0公尺,死亡1;受傷1,電動自行車-慢車;自用-小客車,120.233453,23.784021
107年04月22日 19時20分00秒,臺東縣卑南鄉太平村太平路377號前0.0公尺,死亡1;受傷0,自用-小貨車(含客、貨兩用);行人-人,121.084014,22.784344
107年04月23日 00時30分04秒,新竹縣北埔鄉台3線 78.5公里向外側,死亡1;受傷0,普通重型-機車,121.057722,24.702050
107年04月23日 04時37分23秒,臺南市麻豆區國道1號 308公里100.0公尺處南側向路肩,死亡3;受傷1,營業用-大貨車;自用-大貨車;警備車-特種車;其他人-人;其他人-人;其他人-人,120.236161,23.181745
107年04月23日 05時50分00秒,高雄市鼓山區翠華路 / 高雄市鼓山區逢甲路,死亡1;受傷0,自用-小客車;普通重型-機車,120.283607,22.663789
107年04月23日 07時20分00秒,屏東縣林邊鄉成功路4巷與林邊大排一號橋路口,死亡1;受傷0,自用-小貨車(含客、貨兩用);普通重型-機車,120.514727,22.434704
107年04月23日 08時50分00秒,臺北市萬華區環河南路2段 / 臺北市萬華區環河南路2段,死亡1;受傷0,自用-小客車;行人-人,121.493253,25.033810
107年04月23日 14時03分32秒,桃園市八德區大發里和平路北側 / 桃園市八德區大發里和成路,死亡1;受傷0,營業用-大貨車;腳踏自行車-慢車,121.321431,24.962825
107年04月23日 14時50分01秒,臺南市新化區國道3號 349公里500.0公尺處南側向中線,死亡1;受傷0,自用-大貨車;其他人-人,120.327439,23.028209
107年04月23日 16時08分00秒,屏東縣滿州鄉食水路段,死亡1;受傷0,遊覽車-大客車;電動自行車-慢車,120.790589,22.008069
107年04月23日 16時10分00秒,桃園市蘆竹區六福路西側 / 桃園市蘆竹區五福一路,死亡1;受傷0,營業用-曳引車;普通輕型-機車,121.295232,25.059011
107年04月23日 17時04分00秒,臺南市六甲區王爺里市道174線前0.0公尺,死亡1;受傷0,自用-半聯結車,120.397926,23.230628
107年04月24日 00時34分00秒,嘉義縣民雄鄉興南村工業一路東側 / 嘉義縣民雄鄉興南村工業五路南側,死亡1;受傷0,營業用-曳引車;普通重型-機車,120.433130,23.519195
107年04月24日 10時34分00秒,彰化縣竹塘鄉竹元村竹鹿路前0.0公尺,死亡1;受傷0,自用-小客車;普通重型-機車,120.413120,23.862836
107年04月24日 14時07分00秒,宜蘭縣五結鄉大興路北側 / 宜蘭縣五結鄉大興路,死亡1;受傷0,自用-小貨車(含客、貨兩用);普通重型-機車,121.780467,24.690382
107年04月24日 19時57分00秒,桃園市蘆竹區南崁路2段南側 / 桃園市蘆竹區南工路,死亡1;受傷0,民營公車-大客車;行人-人,121.277808,25.057507
107年04月25日 07時22分00秒,高雄市鳥松區美山路口 / 高雄市鳥松區美山路口,死亡1;受傷1,普通重型-機車;普通重型-機車,120.379170,22.644428
107年04月25日 18時36分09秒,宜蘭縣五結鄉五結路3段610號前0.0公尺北側,死亡1;受傷0,自用-小客車;行人-人,121.779231,24.682470
107年04月26日 02時20分51秒,臺北市內湖區國道1號 18公里300.0公尺處南側向外側,死亡1;受傷0,自用-小客車;自用-小貨車(含客、貨兩用);計程車-小客車,121.589748,25.065472
107年04月26日 05時42分00秒,屏東縣屏東市前進里建國路西側 / 屏東縣屏東市前進里建國路西側,死亡1;受傷0,普通重型-機車;自用-小貨車(含客、貨兩用),120.463062,22.654258
107年04月26日 08時11分00秒,嘉義縣太保市春珠里台37線13公里700公尺處,死亡1;受傷0,腳踏自行車-慢車;自用-小客車,120.325069,23.482957
107年04月26日 08時51分00秒,桃園市桃園區三民路二段與自強路口(M107040752青溪所),死亡1;受傷0,自用-小貨車(含客、貨兩用);普通重型-機車,121.317009,25.001158
107年04月26日 19時23分00秒,桃園市中壢區新中北路510號前0.0公尺北側,死亡1;受傷0,租賃車-小客車;普通重型-機車,121.247008,24.957130
107年04月27日 18時43分00秒,臺東縣卑南鄉和平路252巷電桿民生137歧13X11旁,死亡1;受傷0,普通重型-機車;自用-小貨車(含客、貨兩用),121.092984,22.782912
107年04月27日 21時28分00秒,新北市三重區重陽橋機車道路前0.0公尺,死亡1;受傷3,普通重型-機車;普通重型-機車;乘客-人;乘客-人,121.501173,25.084946
107年04月28日 08時25分00秒,新北市板橋區民生路1段 / 新北市板橋區正隆巷道路,死亡1;受傷0,普通重型-機車;普通重型-機車,121.474050,25.015086
107年04月28日 12時45分00秒,南投縣水里鄉農富村縣131線與大灣路88巷口,死亡1;受傷0,普通重型-機車,120.856633,23.824452
107年04月28日 13時19分00秒,高雄市阿蓮區產業道路 / 高雄市阿蓮區產業道路,死亡1;受傷0,自用-小貨車(含客、貨兩用);普通重型-機車,120.317684,22.860932
107年04月28日 15時42分02秒,新竹縣湖口鄉榮光路323號前0.0公尺,死亡1;受傷0,普通重型-機車;營業用-曳引車,121.005488,24.861439
107年04月29日 03時38分00秒,臺中市潭子區聚興里環中東路一段588號前0.0公尺,死亡1;受傷0,普通重型-機車,120.718754,24.197023
107年04月30日 07時20分33秒,苗栗縣頭份市中正二路與中正二路131巷口,死亡1;受傷1,普通重型-機車;普通重型-機車,120.947356,24.680348
107年04月30日 08時10分13秒,臺南市西港區營西里後營南45-1公路金砂高幹56電線桿前,死亡1;受傷1,普通重型-機車;普通重型-機車,120.210802,23.143953
107年04月30日 21時29分54秒,新竹市東區中華路一段273號,死亡1;受傷2,普通重型-機車;行人-人;普通重型-機車,120.985787,24.810788
107年05月01日 00時34分00秒,臺南市永康區塩洲里中正南路467號北側,死亡1;受傷1,自用-小客車;行人-人,120.227801,23.032777
107年05月01日 08時09分00秒,臺中市北屯區仁美里崇德路前0.0公尺,死亡1;受傷0,自用-大貨車;腳踏自行車-慢車,120.696033,24.168166
107年05月02日 06時30分00秒,新北市三重區中正北路 / 新北市三重區中正北路,死亡1;受傷0,腳踏自行車-慢車;計程車-小客車,121.493136,25.062532
107年05月02日 07時32分00秒,臺北市士林區仰德大道1段前0.0公尺,死亡1;受傷0,普通重型-機車,121.535354,25.108417
107年05月02日 10時40分57秒,宜蘭縣員山鄉員山路3段331號東側,死亡1;受傷0,大型重型1(550C.C.以上)-機車;自用-大貨車,121.647649,24.707022
107年05月02日 18時40分00秒,臺中市北屯區大坑里東山路二段96之8號前0.0公尺,死亡1;受傷0,自用-小客車;行人-人,120.747541,24.195708
107年05月03日 11時42分00秒,彰化縣大村鄉村上村中山路2段144號前0.0公尺,死亡1;受傷0,電動自行車-慢車;營業用-曳引車,120.567218,23.984357
107年05月03日 16時51分00秒,新北市板橋區華東街 / 新北市板橋區南雅南路2段,死亡1;受傷1,普通重型-機車;行人-人,121.448394,24.995331
107年05月03日 17時00分00秒,臺北市北投區大度路1段 / 臺北市北投區中央北路2段,死亡1;受傷0,自用-小貨車(含客、貨兩用);普通重型-機車,121.486387,25.121899
107年05月04日 01時06分00秒,南投縣名間鄉大庄村新大巷投赤水幹114分15電桿前,死亡1;受傷0,普通重型-機車,120.665249,23.876784
107年05月04日 02時09分00秒,彰化縣和美鎮仁愛里鹿和路6段 / 彰化縣和美鎮仁愛里和順路,死亡1;受傷0,普通重型-機車;自用-小貨車(含客、貨兩用),120.493753,24.106831
107年05月04日 17時57分00秒,臺南市中西區永福路1段119號前0.0公尺,死亡1;受傷0,普通重型-機車;普通重型-機車,120.200087,22.984527
107年05月05日 01時05分42秒,桃園市大溪區武嶺橋上P02處往桃園方向(O107050031內柵所),死亡1;受傷1,普通重型-機車;普通重型-機車,121.279335,24.874359
107年05月05日 10時00分00秒,臺中市和平區博愛里東關路二段前0.0公尺,死亡1;受傷1,自用-小貨車(含客、貨兩用);大型重型1(550C.C.以上)-機車,120.943828,24.167926
107年05月05日 23時03分00秒,高雄市鳳山區南京路 / 高雄市鳳山區新富路,死亡1;受傷0,自用-小貨車(含客、貨兩用);自用-小貨車(含客、貨兩用);乘客-人,120.345500,22.612950
107年05月06日 19時13分00秒,彰化縣芬園鄉茄荖村光華路 / 彰化縣芬園鄉茄荖村光華路,死亡1;受傷1,自用-小客車;普通重型-機車,120.647078,24.012613
107年05月07日 01時04分00秒,新北市淡水區中山北路 / 新北市淡水區新市二路,死亡1;受傷1,普通重型-機車;自用-小貨車(含客、貨兩用);乘客-人,121.444143,25.179109
107年05月07日 11時05分00秒,桃園市龜山區大湖路北側 / 桃園市龜山區大湖一路,死亡1;受傷0,營業用-大貨車;普通重型-機車,121.352651,25.055136
107年05月07日 13時30分00秒,花蓮縣新城鄉大漢村民有街2號前150.0公尺東側,死亡1;受傷0,普通重型-機車,121.616656,24.039986
107年05月07日 14時47分00秒,新北市瑞芳區臺2線道路前0.0公尺,死亡1;受傷1,自用-小客車;自用-小客車,121.842028,25.122113
107年05月08日 00時38分00秒,新北市新店區安康路2段 / 新北市新店區安康路,死亡1;受傷2,普通輕型-機車;普通重型-機車;乘客-人,121.509643,24.958403
107年05月08日 01時50分48秒,臺中市沙鹿區國道3號 181公里300.0公尺處南側向外側,死亡1;受傷0,自用-小客車;營業用-半聯結車;自用-小貨車(含客、貨兩用),120.593726,24.237133
107年05月08日 04時59分21秒,桃園市桃園區南門里漢中路118號前0.0公尺,死亡1;受傷0,自用-小貨車(含客、貨兩用);行人-人;普通重型-機車,121.304000,24.981080
107年05月08日 05時26分00秒,新北市板橋區漢生東路 / 新北市板橋區漢生東路,死亡1;受傷0,行人-人;自用-小客車,121.472460,25.011674
107年05月08日 05時26分00秒,臺北市中正區泉州街32號前0.0公尺,死亡1;受傷0,自用-小貨車(含客、貨兩用);腳踏自行車-慢車,121.513500,25.025882
107年05月08日 06時20分00秒,臺南市南區永成路二段627-3號對面,死亡1;受傷0,普通重型-機車,120.195691,22.951557
107年05月08日 14時20分00秒,澎湖縣湖西鄉澎12號道2.4公里處,死亡1;受傷0,普通重型-機車;自用-小貨車(含客、貨兩用),119.617594,23.591318
107年05月08日 18時27分00秒,新竹縣湖口鄉德興路138號前0.0公尺,死亡1;受傷1,普通重型-機車;普通重型-機車,121.044811,24.908821
107年05月09日 06時25分00秒,高雄市林園區村漁港路 / 高雄市林園區力行路,死亡1;受傷0,普通重型-機車;自用-小貨車(含客、貨兩用),120.400430,22.485786
107年05月09日 08時42分33秒,宜蘭縣大同鄉台7甲線 22公里600.0公尺處,死亡1;受傷0,普通重型-機車;營業用-全聯結車,121.491175,24.577317
107年05月09日 14時15分00秒,臺中市西屯區西安里逄甲路262號前0.0公尺,死亡1;受傷0,自用-小客車;行人-人,120.639488,24.174663
107年05月09日 19時36分00秒,臺中市梧棲區南簡里大智路一段983號前0.0公尺,死亡1;受傷1,行人-人;普通重型-機車,120.542188,24.256813
107年05月10日 00時13分26秒,桃園市龜山區國道1號 42公里800.0公尺處北側向外側,死亡1;受傷0,自用-小貨車(含客、貨兩用);營業用-半聯結車,121.355026,25.064302
107年05月10日 01時15分00秒,彰化縣二林鎮後厝里斗苑路3段 / 彰化縣二林鎮後厝里斗苑路3段,死亡1;受傷0,普通重型-機車,120.398456,23.898035
107年05月10日 07時33分40秒,宜蘭縣宜蘭市光復路8號前0.0公尺附近,死亡1;受傷0,普通重型-機車,121.757324,24.754763
107年05月11日 08時44分23秒,新竹縣竹東鎮北興路1段485號前0.0公尺南側,死亡1;受傷0,自用-大貨車;普通重型-機車,121.097698,24.734433
107年05月11日 11時36分35秒,嘉義縣新港鄉潭大村潭子墘25-30號,死亡1;受傷0,自用-小貨車(含客、貨兩用);普通重型-機車,120.331022,23.540063
107年05月12日 08時16分00秒,嘉義縣大埔鄉台3線 343公里721.0公尺處北側向路肩,死亡1;受傷0,大型重型1(550C.C.以上)-機車,120.589071,23.278817
107年05月12日 11時20分00秒,高雄市大寮區光明路3段 / 高雄市大寮區光明路3段,死亡1;受傷0,自用-小客車;普通重型-機車,120.405101,22.633167
107年05月12日 23時50分00秒,臺南市南化區台20線 42公里400.0公尺處東側向路肩,死亡2;受傷0,普通重型-機車;乘客-人,120.493374,23.076511
107年05月13日 01時01分00秒,新竹縣新豐鄉中崙村1鄰中崙路17-1號前0.0公尺北側,死亡1;受傷0,普通重型-機車,120.993810,24.904320
107年05月13日 21時09分00秒,臺北市大安區前,死亡1;受傷0,自用-小客車;行人-人,121.552553,25.034300
107年05月13日 21時19分00秒,桃園市中壢區仁美里榮民南路東側 / 桃園市中壢區仁美里普忠路口,死亡1;受傷0,行人-人;自用-小客車,121.256915,24.949619
107年05月14日 06時35分00秒,臺中市西區民龍里臺灣大道二段220號前0.0公尺,死亡1;受傷0,普通重型-機車,120.668750,24.152515
107年05月14日 10時04分04秒,臺南市新營區國道1號 294公里700.0公尺處北側向外側,死亡1;受傷0,普通重型-機車,120.286214,23.300949
107年05月14日 13時14分38秒,雲林縣水林鄉車港村產業道路交叉路口,死亡1;受傷0,自用-小客車;普通重型-機車,120.253119,23.607525
107年05月15日 07時45分28秒,花蓮縣光復鄉東富路8-3號前0.0公尺北側,死亡1;受傷0,普通重型-機車,121.462860,23.665454
107年05月15日 11時18分00秒,屏東縣恆春鎮西門路與西門路109巷口,死亡1;受傷1,普通重型-機車;自用-小貨車(含客、貨兩用),120.743317,22.007907
107年05月15日 12時03分00秒,新竹市北區經國路口 / 新竹市北區鐵道路,死亡1;受傷0,自用-小客車;普通重型-機車,120.980914,24.814786
107年05月15日 13時00分00秒,新北市板橋區縣民大道3段 / 新北市板橋區民生路,死亡1;受傷1,普通重型-機車;自用-小客車;乘客-人,121.478973,25.023920
107年05月15日 14時42分44秒,桃園市龜山區長壽路口 / 桃園市龜山區長壽路口,死亡1;受傷2,自用-小客車;普通重型-機車;普通重型-機車;自用-小客車,121.341604,25.001059
107年05月15日 14時43分00秒,雲林縣土庫鎮順天里光復路口 / 雲林縣土庫鎮順天里文化路口,死亡1;受傷0,自用-小客車;普通重型-機車,120.385591,23.676686
107年05月15日 15時50分00秒,臺南市學甲區慈福里濟生路2巷8號旁嘉南大圳學甲分線,死亡1;受傷0,普通重型-機車,120.189461,23.232019
107年05月15日 19時37分00秒,雲林縣虎尾鎮惠來里台1線291823燈桿前,死亡1;受傷0,行人-人;自用-小客車,120.491893,23.736162
107年05月15日 21時36分00秒,臺北市文山區木柵路1段 / 臺北市文山區木柵路1段,死亡1;受傷0,租賃車-小客車;普通重型-機車,121.550245,24.987633
107年05月16日 00時00分00秒,臺中市外埔區大東里甲后路五段89號前0.0公尺,死亡1;受傷1,自用-小客車;普通重型-機車;乘客-人,120.637046,24.342769
107年05月16日 15時57分10秒,臺南市佳里區六安里延平路口 / 臺南市佳里區六安里忠孝路口,死亡1;受傷0,普通重型-機車;自用-小貨車(含客、貨兩用),120.178190,23.165385
107年05月16日 18時30分00秒,臺北市士林區忠誠路2段 / 臺北市士林區天母東路,死亡1;受傷1,普通重型-機車;普通重型-機車,121.534731,25.118138
107年05月16日 21時37分00秒,雲林縣口湖鄉下崙村中興路(077306號電桿旁),死亡1;受傷0,普通重型-機車,120.164107,23.619168
107年05月17日 16時05分00秒,高雄市湖內區鐵道巷路 / 高雄市湖內區民族街,死亡1;受傷1,租賃車-小客車;自用-小貨車(含客、貨兩用);普通重型-機車,120.237917,22.884971
107年05月17日 17時48分00秒,雲林縣西螺鎮新吉街,死亡1;受傷0,拼裝車-其他車;行人-人,120.449778,23.782590
107年05月17日 22時24分00秒,屏東縣里港鄉載興路南側 / 屏東縣里港鄉載南路,死亡1;受傷2,自用-小客車;普通重型-機車;乘客-人;乘客-人;乘客-人,120.529522,22.779312
107年05月18日 09時11分20秒,桃園市平鎮區中興路九龍段與東龍街口,死亡1;受傷0,行人-人;自用-小客車,121.247930,24.879491
107年05月18日 14時00分00秒,嘉義市東區芳草里興業東路 / 嘉義市東區芳草里宣信街,死亡1;受傷0,自用-小客車;普通輕型-機車,120.455832,23.469502
107年05月19日 14時00分10秒,臺南市仁德區上崙里臺86往西便道與德崙路口(引道),死亡1;受傷1,營業用-半聯結車;普通重型-機車;乘客-人,120.260679,22.934454
107年05月19日 14時02分00秒,南投縣南投市南崗一路西側 / 南投縣南投市集賢路,死亡1;受傷2,普通重型-機車;大型重型1(550C.C.以上)-機車;乘客-人,120.681744,23.903361
107年05月19日 19時55分00秒,屏東縣屏東市台糖三街近台糖街口,死亡1;受傷0,行人-人;自用-小客車,120.488964,22.663213
107年05月19日 23時59分00秒,桃園市新屋區長祥路與圳禾路口,死亡1;受傷0,自用-小客車;普通重型-機車,121.123569,24.955155
107年05月19日 23時59分47秒,新竹市北區中正路293號北側,死亡1;受傷0,普通重型-機車;自用-小客車,120.963218,24.813444
107年05月20日 06時53分00秒,臺南市安南區台江大道2段東側 / 臺南市安南區北安路3段,死亡1;受傷0,自用-小客車;普通重型-機車,120.213491,23.055862
107年05月20日 16時35分00秒,南投縣南投市八卦路1158之1號北側,死亡1;受傷0,自用-小客車;普通重型-機車;自用-小貨車(含客、貨兩用),120.638088,23.935956
107年05月20日 17時05分00秒,臺南市學甲區宅港里台19線宅港橋北向,死亡1;受傷0,普通重型-機車,120.201230,23.249727
107年05月20日 20時05分00秒,高雄市小港區小港路 / 高雄市小港區大業北路,死亡1;受傷0,自用-小貨車(含客、貨兩用);普通重型-機車,120.345947,22.565566
107年05月20日 22時40分00秒,雲林縣臺西鄉溪頂村溪頂路172號前0.0公尺,死亡1;受傷0,普通重型-機車,120.189060,23.686727
107年05月21日 08時05分00秒,屏東縣東港鎮興農路1-20號,死亡1;受傷0,普通重型-機車,120.472914,22.486317
107年05月21日 16時31分00秒,彰化縣福興鄉福興村柳橋路7段前0.0公尺,死亡1;受傷3,營業用-半聯結車;自用-小客車;自用-大貨車;營業用-半聯結車;乘客-人;乘客-人;乘客-人,120.419533,24.052857
107年05月22日 01時30分00秒,臺北市松山區南京東路4段56號前0.0公尺,死亡2;受傷2,自用-小客車;乘客-人;其他人-人;其他人-人,121.553653,25.050996
107年05月22日 10時25分00秒,苗栗縣銅鑼鄉縣119線 21公里南側向外側,死亡1;受傷0,自用-小貨車(含客、貨兩用),120.796993,24.478889
107年05月22日 14時30分00秒,南投縣國姓鄉柑林村清德巷3號旁溪底,死亡1;受傷0,農耕用車(或機械)-其他車,120.872862,24.056443
107年05月22日 22時45分00秒,臺中市烏日區榮泉里三榮十六路187號前0.0公尺,死亡1;受傷0,自用-小客車;普通重型-機車,120.592824,24.113121
107年05月23日 03時55分30秒,新竹縣新豐鄉新和路128號前0.0公尺,死亡1;受傷0,自用-小客車;行人-人,120.983070,24.916074
107年05月23日 09時00分00秒,臺南市南化區南化里139號前,死亡1;受傷0,行人-人;自用-小貨車(含客、貨兩用),120.476652,23.042827
107年05月23日 10時13分00秒,臺南市東區中華東路2段226巷27弄70號前0.0公尺西側,死亡1;受傷0,自用-小客車;普通輕型-機車,120.230118,22.983079
107年05月23日 21時59分00秒,苗栗縣頭份市自強路與信東路口,死亡1;受傷0,自用-小客車;乘客-人,120.909941,24.688761
107年05月24日 03時41分38秒,臺南市善化區國道3號 345公里800.0公尺處南側向外側,死亡1;受傷2,營業用-大貨車;營業用-全聯結車;其他人-人;營業用-半聯結車;營業用-大貨車,120.334181,23.137384
107年05月24日 07時40分04秒,桃園市八德區福興里仁德路東側 / 桃園市八德區長興一路,死亡1;受傷1,腳踏自行車-慢車;普通重型-機車,121.282517,24.936048
107年05月25日 14時34分00秒,彰化縣芳苑鄉三成村上城路1-3號前0.0公尺,死亡1;受傷0,自用-大貨車;腳踏自行車-慢車,120.334846,23.882805
107年05月25日 16時39分00秒,臺南市白河區詔豐里頂山腳70號前,死亡1;受傷0,自用-小貨車(含客、貨兩用);行人-人,120.413357,23.388026
107年05月25日 21時12分00秒,高雄市鳳山區澄清路 / 高雄市鳳山區自由路,死亡1;受傷1,普通重型-機車;普通重型-機車,120.344700,22.624900
107年05月25日 22時57分00秒,彰化縣和美鎮竹園里線東路7段79號前0.0公尺前,死亡1;受傷0,普通重型-機車;自用-小客車,120.529153,24.125142
107年05月26日 07時09分00秒,新北市石碇區北宜公路前0.0公尺,死亡1;受傷0,普通重型-機車;營業用-大貨車,121.677618,24.937839
107年05月26日 07時20分00秒,新北市三峽區介壽路1段498號前0.0公尺,死亡1;受傷0,行人-人;自用-小客車,121.385773,24.932166
107年05月27日 06時23分45秒,苗栗縣苑裡鎮玉豐一路與玉豐十路路口,死亡1;受傷0,自用-小客車;普通重型-機車;其他人-人,120.683050,24.384743
107年05月27日 11時40分31秒,桃園市龜山區忠義路3段170-1號前0.0公尺附近,死亡1;受傷0,自用-小貨車(含客、貨兩用);行人-人,121.354347,25.061800
107年05月27日 19時19分00秒,臺南市學甲區台84線 10公里900.0公尺處向內側,死亡1;受傷0,大型重型1(550C.C.以上)-機車;自用-小客車,120.214529,23.234959
107年05月27日 19時29分00秒,屏東縣潮州鎮光春路342之1號,死亡1;受傷0,普通重型-機車;自用-小客車,120.541533,22.532429
107年05月27日 20時57分00秒,彰化縣二水鄉上豊村山腳路2段 / 彰化縣二水鄉上豊村山腳路2段,死亡1;受傷0,普通重型-機車;營業用-大貨車,120.613980,23.821893
107年05月27日 22時20分00秒,臺中市清水區東山里神清路2-161號前0.0公尺,死亡1;受傷0,普通重型-機車,120.638002,24.270782
107年05月28日 18時22分00秒,新竹縣竹東鎮南清公路前32.7公尺附近,死亡1;受傷0,普通重型-機車,121.122535,24.659820
107年05月28日 18時54分00秒,花蓮縣玉里鎮忠勇路東側 / 花蓮縣玉里鎮興國路南側,死亡1;受傷0,普通重型-機車;營業用-曳引車,121.321578,23.328442
107年05月29日 01時03分00秒,屏東縣屏東市高屏大橋,死亡1;受傷1,普通重型-機車;乘客-人,120.439921,22.647479
107年05月29日 06時17分46秒,桃園市大溪區復興路1段口 / 桃園市大溪區復興路1段口,死亡1;受傷1,普通重型-機車;自用-小客車,121.295654,24.865857
107年05月29日 07時00分00秒,雲林縣北港鎮草湖里西湖產業道路與產業道路口,死亡1;受傷0,自用-小貨車(含客、貨兩用);行人-人,120.303894,23.599662
107年05月29日 07時56分32秒,雲林縣四湖鄉溪底村160線道12.5公里處,死亡1;受傷1,自用-小客車;腳踏自行車-慢車,120.263536,23.647371
107年05月29日 17時33分30秒,雲林縣西螺鎮埤頭里台1線南下車道路燈252898號,死亡1;受傷0,自用-小貨車(含客、貨兩用);行人-人,120.477378,23.777727
107年05月30日 14時20分00秒,嘉義縣中埔鄉裕民村24號前 產業道路,死亡1;受傷0,普通重型-機車;自用-大貨車,120.496845,23.433457
107年05月30日 16時00分00秒,屏東縣枋寮鄉隆山村隆山路471號東側,死亡1;受傷0,普通重型-機車,120.621708,22.370139
107年05月31日 03時08分00秒,桃園市桃園區永安路南側 / 桃園市桃園區永康街,死亡1;受傷0,行人-人;自用-小客車,121.302426,24.998966
107年05月31日 04時15分00秒,高雄市小港區沿海三路燈799號前0.0公尺,死亡1;受傷0,普通重型-機車,120.372500,22.539690
107年05月31日 15時50分00秒,雲林縣西螺鎮吳厝里111之5號前,死亡1;受傷0,普通重型-機車,120.424588,23.746160
107年05月31日 17時09分00秒,新竹市東區研新三路與興業二路口,死亡1;受傷0,營業用-大貨車;普通重型-機車,120.989811,24.779057
107年06月01日 07時02分17秒,嘉義縣溪口鄉美北村157線崙尾路口,死亡1;受傷0,普通重型-機車;自用-小貨車(含客、貨兩用),120.384221,23.593264
107年06月01日 07時21分00秒,新北市樹林區大安路 / 新北市樹林區俊英街,死亡1;受傷0,自用-小貨車(含客、貨兩用);普通重型-機車,121.426237,25.002193
107年06月01日 15時45分00秒,嘉義縣太保市新埤里台18線3公里200公尺處,死亡1;受傷0,普通重型-機車,120.334875,23.475486
107年06月01日 16時18分00秒,桃園市桃園區正光二街北側 / 桃園市桃園區文中一路,死亡1;受傷0,自用-小客車;普通重型-機車,121.293498,24.999996
107年06月01日 16時50分20秒,高雄市田寮區國道3號 375公里700.0公尺處南側向中線,死亡1;受傷0,自用-小客車;自用-小貨車(含客、貨兩用);自用-大貨車,120.381735,22.851159
107年06月01日 21時52分00秒,彰化縣永靖鄉永南村西門路 / 彰化縣永靖鄉永南村永久路,死亡1;受傷2,普通重型-機車;自用-小客車;乘客-人,120.542365,23.921610
107年06月03日 00時42分00秒,基隆市仁愛區南榮路503-2號對面,死亡1;受傷0,行人-人;自用-小客車,121.741816,25.113880
107年06月03日 12時00分37秒,桃園市蘆竹區海山路2段東側 / 桃園市蘆竹區海湖東路,死亡1;受傷0,自用-小客車;普通重型-機車;計程車-小客車,121.261125,25.100630
107年06月03日 18時00分00秒,新北市三芝區田心子(北101縣道)7-1號前0.0公尺,死亡1;受傷0,自用-小客車;行人-人,121.501677,25.255779
107年06月03日 19時06分00秒,臺南市麻豆區謝厝寮里謝厝寮219號前0.0公尺,死亡1;受傷0,普通重型-機車;自用-小貨車(含客、貨兩用),120.236813,23.150152
107年06月03日 20時40分39秒,臺東縣海端鄉台20線 207公里500.0公尺處附近,死亡1;受傷0,自用-小貨車(含客、貨兩用),121.175686,23.130561
107年06月03日 22時48分00秒,基隆市暖暖區八堵路142號前0.0公尺,死亡1;受傷0,普通重型-機車;自用-小客車;計程車-小客車;普通重型-機車,121.729071,25.108337
107年06月04日 13時21分48秒,桃園市龍潭區國道3號 65公里100.0公尺處南側,死亡1;受傷1,自用-大貨車;乘客-人,121.204587,24.853464
107年06月04日 14時04分23秒,花蓮縣壽豐鄉平和村中華路2段42號前0.0公尺,死亡1;受傷0,自用-小客車,121.521709,23.882584
107年06月05日 09時45分00秒,彰化縣鹿港鎮頭南里頂草路3段 / 彰化縣鹿港鎮頭南里南勢巷,死亡1;受傷0,營業用-大貨車;普通重型-機車,120.466000,24.098990
107年06月05日 20時10分00秒,臺南市安南區海尾路南側 / 臺南市安南區海環街南側,死亡1;受傷0,腳踏自行車-慢車;自用-小客車,120.185413,23.036953
107年06月06日 08時51分00秒,彰化縣大城鄉菜寮村過溝巷前0.0公尺,死亡1;受傷0,普通重型-機車;自用-小貨車(含客、貨兩用),120.310023,23.862271
107年06月06日 09時57分00秒,彰化縣和美鎮湖內里彰新路6段657號前0.0公尺前,死亡1;受傷0,行人-人;營業用-半聯結車,120.509770,24.151756
107年06月06日 22時20分47秒,苗栗縣大湖鄉靜湖村下街23之3號前0.0公尺南側,死亡1;受傷3,自用-小客車;乘客-人;乘客-人;乘客-人;營業用-小貨車(含客、貨兩用);自用-小貨車(含客、貨兩用);自用-大貨車,120.867376,24.427321
107年06月07日 03時16分00秒,桃園市龜山區忠義路二段上(下湖營區前)s107060059坪頂所,死亡1;受傷1,自用-小貨車(含客、貨兩用);行人-人;普通重型-機車;普通重型-機車,121.353709,25.040235
107年06月07日 04時58分00秒,屏東縣屏東市厚生里建民路、自由路西段,死亡1;受傷3,自用-小客車;普通重型-機車;普通重型-機車;普通重型-機車;乘客-人;乘客-人,120.481139,22.666725
107年06月07日 05時56分41秒,宜蘭縣頭城鎮宜3路2段340號前0.0公尺附近,死亡1;受傷0,普通重型-機車;自用-小貨車(含客、貨兩用),121.791947,24.842078
107年06月07日 08時29分00秒,臺中市神岡區岸裡里大洲路311號前0.0公尺,死亡1;受傷0,營業用-大貨車;自用-小客車,120.696569,24.253110
107年06月07日 08時42分00秒,屏東縣九如鄉信義街東側 / 屏東縣九如鄉九如路2段,死亡1;受傷0,自用-小客車;行人-人,120.488880,22.731954
107年06月07日 08時47分41秒,花蓮縣花蓮市德安二街口 / 花蓮縣花蓮市德安四街口,死亡1;受傷0,計程車-小客車;普通輕型-機車,121.593613,23.974073
107年06月07日 14時15分00秒,新北市三峽區成福路250號前0.0公尺,死亡1;受傷0,大型重型1(550C.C.以上)-機車;營業用-曳引車,121.427597,24.923419
107年06月07日 15時44分00秒,臺中市豐原區西勢里中山路前0.0公尺,死亡1;受傷1,普通重型-機車;自用-小客車,120.715018,24.248951
107年06月08日 09時45分00秒,臺北市士林區中山北路6段 / 臺北市士林區福國路,死亡1;受傷0,普通重型-機車;普通重型-機車,121.525458,25.102529
107年06月08日 10時02分35秒,桃園市觀音區新坡里中山路2段235號前10.0公尺附近,死亡1;受傷0,自用-小貨車(含客、貨兩用),121.126873,25.017263
107年06月08日 11時54分24秒,花蓮縣吉安鄉光華三街口 / 花蓮縣吉安鄉華城九街,死亡1;受傷2,普通重型-機車;普通重型-機車;乘客-人,121.575151,23.933396
107年06月08日 12時10分00秒,屏東縣屏東市大連路屏東基督教醫院前,死亡1;受傷1,普通重型-機車;普通重型-機車,120.502799,22.681898
107年06月09日 00時40分21秒,南投縣竹山鎮延平里集山路3段與東鄉路口,死亡1;受傷0,普通重型-機車,120.706624,23.767073
107年06月09日 03時04分00秒,屏東縣萬丹鄉萬全村成功街2段29號前0.0公尺附近,死亡1;受傷0,普通重型-機車;自用-小客車,120.490737,22.589708
107年06月09日 06時10分00秒,苗栗縣後龍鎮國道3號 126公里300.0公尺處北側向外側,死亡1;受傷0,營業用-大貨車;營業用-半聯結車;乘客-人,120.798548,24.607888
107年06月09日 11時52分00秒,基隆市信義區信一路 / 基隆市信義區義六路,死亡1;受傷1,行人-人;普通重型-機車,121.750655,25.128733
107年06月09日 19時59分00秒,高雄市內門區內門路石坑145燈號前0.0公尺西側,死亡2;受傷0,普通重型-機車;乘客-人,120.481168,22.979122
107年06月10日 07時04分20秒,桃園市楊梅區楊新路2段719號,死亡1;受傷1,自用-小客車;行人-人,121.127883,24.928499
107年06月10日 11時35分00秒,臺南市善化區溪美里里內道路與南122線路口,死亡1;受傷1,普通重型-機車;普通重型-機車,120.282076,23.149988
107年06月10日 11時45分16秒,苗栗縣後龍鎮海寶里台61線北上慢車道95.4公里附近,死亡1;受傷0,普通重型-機車,120.829687,24.665801
107年06月11日 00時45分01秒,嘉義縣鹿草鄉國道1號 275公里南側向內側,死亡1;受傷1,自用-小客車;自用-小貨車(含客、貨兩用);乘客-人,120.355172,23.398859
107年06月11日 07時51分00秒,臺中市烏日區國道3號 206公里200.0公尺處北側向外側,死亡1;受傷0,自用-小貨車(含客、貨兩用);自用-大貨車;自用-小客車;計程車-小客車;自用-小客車,120.626879,24.081912
107年06月11日 14時00分30秒,臺南市白河區河東里糞萁湖122-35號,死亡1;受傷0,自用-小貨車(含客、貨兩用);普通重型-機車;自用-小貨車(含客、貨兩用),120.425964,23.345437
107年06月11日 21時40分00秒,臺中市新社區中興里興中街前0.0公尺,死亡1;受傷1,自用-小客車;行人-人;其他人-人,120.798567,24.203455
107年06月11日 22時11分59秒,南投縣草屯鎮國道3號 222公里500.0公尺處北側向中內,死亡1;受傷1,行人-人;自用-小客車;乘客-人,120.653065,23.959849
107年06月12日 07時50分00秒,桃園市大園區國際路一段與圳頭里1、2、3鄰路口,死亡1;受傷0,營業用-大貨車;普通重型-機車,121.199376,25.072943
107年06月12日 08時45分58秒,臺南市安定區嘉同里市178線,死亡1;受傷0,普通重型-機車;自用-小客車,120.222820,23.082884
107年06月13日 17時37分00秒,臺中市大肚區福山里王福街1016號前0.0公尺,死亡1;受傷0,普通輕型-機車,120.564855,24.126785
107年06月14日 10時55分00秒,臺南市楠西區台3線 367公里700.0公尺處北側向內側,死亡1;受傷0,普通重型-機車;自用-小貨車(含客、貨兩用),120.489149,23.167312
107年06月14日 11時25分00秒,宜蘭縣宜蘭市民族路232號前0.0公尺西側,死亡1;受傷1,自用-小客車;普通重型-機車;普通重型-機車,121.748828,24.752319
107年06月14日 11時25分00秒,桃園市大園區桃園國際機場航勤北路與華儲出口倉前路口,死亡1;受傷1,租賃車-小客車;營業用-小貨車(含客、貨兩用);普通重型-機車,121.243784,25.087473
107年06月14日 16時24分00秒,屏東縣屏東市和興里忠孝路敬軍路口,死亡1;受傷1,普通重型-機車;租賃車-小客車,120.489093,22.693233
107年06月14日 19時26分00秒,新北市樹林區日新街118號前0.0公尺,死亡1;受傷0,腳踏自行車-慢車;普通重型-機車;自用-小客車,121.421053,24.989488
107年06月14日 22時02分00秒,臺北市大同區環河北路2段 / 臺北市大同區酒泉街,死亡1;受傷1,自用-小客車;自用-小客車;大型重型2(250-550C.C.)-機車,121.509127,25.072148
107年06月15日 03時30分00秒,臺南市新市區大營里台1線北向,死亡1;受傷0,自用-小客車,120.318155,23.102150
107年06月15日 04時45分28秒,南投縣南投市嶺興路200號前0.0公尺東側,死亡2;受傷0,自用-小客車;農耕用車(或機械)-其他車;乘客-人,120.662151,23.900166
107年06月15日 12時06分01秒,桃園市八德區介壽路1段東側 / 桃園市八德區大明街,死亡1;受傷0,營業用-曳引車;普通輕型-機車,121.301358,24.968956
107年06月15日 14時33分29秒,嘉義縣新港鄉大潭村大潭74-10號路口,死亡1;受傷0,自用-大貨車;普通重型-機車,120.372847,23.556037
107年06月15日 20時13分20秒,新竹縣竹東鎮仁愛里北興路2段276號前0.0公尺附近,死亡1;受傷0,普通重型-機車,121.089587,24.742752
107年06月15日 22時36分11秒,桃園市龜山區國道1號 41公里200.0公尺處北側向中外,死亡1;受傷0,行人-人;自用-小客車;營業用-大貨車,121.357947,25.064851
107年06月16日 10時28分00秒,臺東縣東河鄉台11線 132公里500.0公尺處北側向外側,死亡1;受傷2,自用-小客車;乘客-人;乘客-人,121.293726,22.960788
107年06月16日 16時37分00秒,高雄市前鎮區過港隧道旗津往前鎮方向汽車道900處,死亡1;受傷1,營業用-曳引車;大型重型2(250-550C.C.)-機車;大型重型2(250-550C.C.)-機車,120.316152,22.564548
107年06月17日 08時29分11秒,臺南市南區濱南路口 / 臺南市南區喜樹路西側,死亡1;受傷0,普通重型-機車;自用-小客車,120.175925,22.937876
107年06月18日 01時15分27秒,嘉義縣太保市麻寮里產業道路往南埤路方向旁水溝,死亡1;受傷0,普通重型-機車,120.381600,23.489016
107年06月18日 14時13分00秒,臺北市中正區中華路2段 / 臺北市中正區和平西路2段,死亡1;受傷0,民營公車-大客車;行人-人,121.505373,25.033317
107年06月18日 15時14分00秒,彰化縣線西鄉台61線 169公里800.0公尺處北側向內側,死亡1;受傷0,營業用-半聯結車,120.445215,24.140665
107年06月18日 16時19分34秒,臺東縣鹿野鄉台9線 341公里100.0公尺處東側向外側,死亡1;受傷1,自用-小貨車(含客、貨兩用);自用-大貨車;乘客-人,121.139801,22.944415
107年06月19日 07時34分00秒,新北市八里區中華路2段145號前0.0公尺,死亡1;受傷0,普通重型-機車;營業用-曳引車,121.408657,25.151831
107年06月19日 20時43分00秒,臺南市北區長榮路5段378巷口,死亡1;受傷1,普通重型-機車;行人-人;自用-小客車,120.214944,23.013081
107年06月20日 01時10分00秒,基隆市暖暖區暖碇路15巷64號前0.0公尺,死亡1;受傷1,普通重型-機車;乘客-人,121.753287,25.096376
107年06月20日 04時49分00秒,高雄市旗山區旗屏路東昌194燈號前0.0公尺,死亡1;受傷0,普通重型-機車;自用-小客車,120.487883,22.873877
107年06月20日 07時08分57秒,雲林縣西螺鎮興農西路西螺國中(興農22號電桿),死亡1;受傷1,腳踏自行車-慢車;普通重型-機車;遊覽車-大客車,120.460517,23.793376
107年06月20日 16時42分00秒,臺中市大安區福興里興安路52號前0.0公尺,死亡1;受傷1,普通重型-機車;乘客-人,120.607280,24.347468
107年06月21日 02時22分00秒,彰化縣芳苑鄉王功村芳漢路王功段前0.0公尺,死亡4;受傷0,自用-小客車;乘客-人;乘客-人;乘客-人,120.332874,23.951086
107年06月21日 09時00分00秒,新北市新店區明德路 / 新北市新店區建國路,死亡1;受傷0,自用-小客車;行人-人,121.540600,24.977463
107年06月21日 09時33分00秒,新竹縣新豐鄉後湖村10埔頂266號旁,死亡1;受傷0,自用-小客車,120.991905,24.932416
107年06月21日 10時08分00秒,臺中市北屯區仁美里台74線快速公路前0.0公尺,死亡1;受傷1,營業用-大貨車;自用-小貨車(含客、貨兩用),120.649710,24.196953
107年06月21日 14時29分00秒,臺南市新營區國道1號 288公里600.0公尺處北側向交流道,死亡1;受傷0,其他人-人;自用-小貨車(含客、貨兩用),120.296979,23.317340
107年06月21日 21時33分30秒,屏東縣滿州鄉屏200線23.5公里,死亡1;受傷0,普通重型-機車,120.837263,22.101075
107年06月22日 05時15分00秒,臺南市玉井區玉田里中正路西側 / 臺南市玉井區玉田里大成路南側,死亡1;受傷1,普通重型-機車;普通重型-機車,120.467762,23.128519
107年06月22日 10時52分00秒,彰化縣和美鎮源埤里太平路 / 彰化縣和美鎮源埤里大佃路,死亡1;受傷0,自用-小客車;普通重型-機車,120.502523,24.093073
107年06月22日 13時10分09秒,屏東縣里港鄉國道10號 24公里500.0公尺處東側向內側,死亡1;受傷0,計程車-小客車,120.484402,22.809868
107年06月22日 15時33分00秒,高雄市橋頭區村成功南路 / 高雄市橋頭區南溝路,死亡1;受傷0,行人-人;營業用-曳引車,120.311154,22.755470
107年06月23日 11時12分00秒,雲林縣土庫鎮新庄里港新70電桿旁,死亡1;受傷0,普通重型-機車;計程車-小客車,120.379441,23.733519
107年06月23日 20時29分00秒,高雄市大寮區華中路華中25燈號前0.0公尺前,死亡1;受傷0,自用-小客車;腳踏自行車-慢車,120.428900,22.573890
107年06月25日 03時59分00秒,高雄市新興區村中山一路 / 高雄市新興區青年一路,死亡1;受傷0,自用-小客車;普通重型-機車,120.302204,22.620068
107年06月25日 08時30分00秒,嘉義縣中埔鄉同仁村台3線292.2里路肩處,死亡1;受傷0,自用-小貨車(含客、貨兩用);行人-人,120.511520,23.403984
107年06月25日 13時05分00秒,臺北市大同區台北橋前0.0公尺,死亡1;受傷0,普通重型-機車,121.511184,25.062998
107年06月25日 21時29分00秒,臺東縣東河鄉尚德村七塊厝產業道路2號前0.0公尺東側,死亡1;受傷1,自用-小貨車(含客、貨兩用);乘客-人,121.239963,22.962243
107年06月26日 04時50分00秒,臺北市大同區民族西路 / 臺北市大同區民族西路,死亡1;受傷1,普通重型-機車;行人-人,121.512405,25.068506
107年06月26日 10時15分00秒,臺東縣卑南鄉台11線 154公里800.0公尺處南側向機、慢車道,死亡1;受傷0,腳踏自行車-慢車;自用-小客車,121.195372,22.809048
107年06月26日 10時28分18秒,臺中市沙鹿區西勢里中航路1段168號,死亡1;受傷0,民營客運-大客車;行人-人,120.599050,24.253215
107年06月26日 10時57分00秒,臺南市北區公園路764號東側,死亡1;受傷0,普通重型-機車;營業用-大貨車,120.211040,23.010952
107年06月26日 12時47分00秒,彰化縣田中鎮東源里山腳路3段234弄前0.0公尺前,死亡1;受傷0,自用-小貨車(含客、貨兩用);腳踏自行車-慢車,120.603329,23.857463
107年06月26日 18時44分00秒,屏東縣內埔鄉富田村富豐路38號前附近北向車道,死亡1;受傷0,自用-小貨車(含客、貨兩用);普通重型-機車,120.544762,22.619421
107年06月26日 19時52分00秒,彰化縣溪湖鎮大突里二溪路大突弄52之11號前0.0公尺,死亡1;受傷0,普通重型-機車;自用-小客車,120.467563,23.967142
107年06月27日 07時01分00秒,新竹縣新埔鎮文山路亞東段352號前,死亡1;受傷0,行人-人;自用-小客車,121.058306,24.825203
107年06月27日 08時09分00秒,新竹縣竹北市水防道路與溝貝街199巷口,死亡1;受傷0,普通重型-機車,120.994192,24.853183
107年06月27日 13時47分00秒,臺南市安定區中沙里,死亡1;受傷1,自用-小客車;乘客-人,120.210977,23.080824
107年06月27日 14時44分00秒,新竹市北區榮濱路東側 / 新竹市北區尚濱路,死亡1;受傷0,普通重型-機車;自用-小貨車(含客、貨兩用),120.930400,24.841498
107年06月27日 16時28分00秒,嘉義縣番路鄉觸口村台18線31.5公里處,死亡1;受傷0,拼裝車-其他車;自用-小客車;自用-大貨車,120.582850,23.446134
107年06月28日 16時03分00秒,彰化縣福興鄉頂粘村頂粘街 / 彰化縣福興鄉頂粘村頂粘街,死亡1;受傷0,普通重型-機車;自用-大貨車,120.397622,24.038597
107年06月28日 17時12分00秒,新竹市東區公道五路建美路,死亡1;受傷0,行人-人;自用-小客車,120.998410,24.802625
107年06月28日 17時18分00秒,苗栗縣公館鄉大坑村信東街竹安橋(東西向)與產業道路(南北),死亡1;受傷0,自用-小客車;普通重型-機車,120.831601,24.504464
107年06月28日 17時55分00秒,嘉義縣番路鄉縣159甲線 15公里500.0公尺處東側向內側,死亡1;受傷0,自用-小貨車(含客、貨兩用);行人-人,120.580574,23.458227
107年06月28日 21時20分00秒,雲林縣二崙鄉崙東村中山路1段102號,死亡2;受傷0,普通重型-機車;普通重型-機車;自用-小客車,120.417799,23.773683
107年06月28日 23時45分00秒,新北市新店區新烏路1段前0.0公尺,死亡1;受傷0,普通重型-機車,121.547246,24.951566
107年06月29日 04時44分45秒,臺南市關廟區埤頭里關新路1段746號前0.0公尺,死亡1;受傷1,普通重型-機車;乘客-人,120.308686,22.994001
107年06月29日 08時32分00秒,高雄市鳳山區村建國路1段 / 高雄市鳳山區經武路,死亡1;受傷0,自用-大貨車;普通重型-機車,120.363800,22.635230
107年06月29日 08時50分34秒,高雄市田寮區國道3號 382公里700.0公尺處南側向交流道,死亡1;受傷0,自用-小貨車(含客、貨兩用),120.381735,22.851159
107年06月29日 08時58分00秒,南投縣草屯鎮雙冬里中正路25之6號對面,死亡1;受傷0,普通重型-機車,120.807200,23.989119
107年06月29日 13時40分00秒,新北市三重區中興橋機車道路前0.0公尺,死亡1;受傷0,普通重型-機車,121.493439,25.048728
107年06月29日 15時13分00秒,臺南市安南區安中路1段北側 / 臺南市安南區安中路1段口,死亡1;受傷0,腳踏自行車-慢車;普通重型-機車,120.201600,23.039520
107年06月29日 15時55分00秒,彰化縣北斗鎮大新里民生路 / 彰化縣北斗鎮大新里民生路,死亡1;受傷1,普通重型-機車;自用-小客車;乘客-人,120.559803,23.851908
107年06月29日 17時00分00秒,臺中市大雅區雅楓里民生路三段295號前0.0公尺,死亡1;受傷0,營業用-曳引車;腳踏自行車-慢車,120.662120,24.232677
107年06月29日 17時45分00秒,臺東縣臺東市臨海路3段南側 / 臺東縣臺東市重慶路,死亡1;受傷0,普通重型-機車,121.123898,22.730239
107年06月30日 06時46分00秒,彰化縣芳苑鄉草湖村仁愛路 / 彰化縣芳苑鄉草湖村芳東路,死亡1;受傷1,普通重型-機車;自用-小客車,120.371111,23.932363
107年06月30日 07時30分00秒,桃園市大溪區復興路1段1089號前0.0公尺,死亡1;受傷0,普通重型-機車;自用-小貨車(含客、貨兩用);自用-小客車,121.291196,24.840701
107年06月30日 21時37分16秒,南投縣埔里鎮隆生路83-9號,死亡1;受傷1,普通重型-機車;自用-小貨車(含客、貨兩用);乘客-人,120.967483,23.959603
107年06月30日 23時08分00秒,雲林縣莿桐鄉和平路口 / 雲林縣莿桐鄉外環道路口,死亡1;受傷0,自用-小客車;普通輕型-機車,120.506190,23.766196
107年06月30日 23時15分00秒,花蓮縣玉里鎮縣193線 107公里700.0公尺處南側,死亡1;受傷0,普通重型-機車,121.344813,23.347694